studio,course,attendance list,current_date,class_date,is_holiday,is_holiday_week,maxnr,waiting list,warteliste_length
Cb,Di 11:00,"[""cb_member_059"",""cb_member_050"",""cb_member_048"",""cb_member_064"",""cb_member_044""]",2025-12-30 11:00:00,2026-01-06,false,false,12.0,"[""cb_member_071""]",1
Cb,Di 11:00,"[""cb_member_059"",""cb_member_050"",""cb_member_048"",""cb_member_064"",""cb_member_012"",""cb_member_044""]",2026-01-03 11:00:00,2026-01-06,false,false,12.0,"[""cb_member_071""]",1
Cb,Di 11:00,"[""cb_member_059"",""cb_member_050"",""cb_member_048"",""cb_member_064"",""cb_member_012"",""cb_member_038"",""cb_member_049"",""cb_member_044""]",2026-01-04 11:00:00,2026-01-06,false,false,12.0,"[""cb_member_071""]",1
Cb,Di 11:00,"[""cb_member_059"",""cb_member_050"",""cb_member_048"",""cb_member_064"",""cb_member_012"",""cb_member_038"",""cb_member_049"",""cb_member_009"",""cb_member_044"",""cb_member_059""]",2026-01-05 11:00:00,2026-01-06,false,false,12.0,"[""cb_member_050""]",1
Cb,Di 11:00,"[""cb_member_059"",""cb_member_050"",""cb_member_048"",""cb_member_064"",""cb_member_012"",""cb_member_038"",""cb_member_049"",""cb_member_009"",""cb_member_016""]",2026-01-05 23:00:00,2026-01-06,false,false,12.0,[],0
Cb,Di 11:00,"[""cb_member_059"",""cb_member_050"",""cb_member_048"",""cb_member_064"",""cb_member_012"",""cb_member_038"",""cb_member_049"",""cb_member_009"",""cb_member_016"",""cb_member_002""]",2026-01-06 05:00:00,2026-01-06,false,false,12.0,[],0
Cb,Di 11:00,"[""cb_member_059"",""cb_member_050"",""cb_member_048"",""cb_member_064"",""cb_member_012"",""cb_member_038"",""cb_member_049"",""cb_member_009"",""cb_member_016"",""cb_member_002"",""cb_member_065""]",2026-01-06 11:00:00,2026-01-06,false,false,12.0,[],0
Cb,Di 11:00,"[""cb_member_059"",""cb_member_050"",""cb_member_048"",""cb_member_064"",""cb_member_012"",""cb_member_038"",""cb_member_049"",""cb_member_009"",""cb_member_016"",""cb_member_002"",""cb_member_065""]",2026-01-06 13:00:00,2026-01-06,false,false,12.0,[],0
Cb,Di 11:00,"[""cb_member_043"",""cb_member_067"",""cb_member_004"",""cb_member_061"",""cb_member_069""]",2026-01-06 11:00:00,2026-01-13,false,false,12.0,"[""cb_member_079""]",1
Cb,Di 11:00,"[""cb_member_043"",""cb_member_067"",""cb_member_004"",""cb_member_061"",""cb_member_015"",""cb_member_023"",""cb_member_069""]",2026-01-09 11:00:00,2026-01-13,false,false,12.0,,1
Cb,Di 11:00,"[""cb_member_043"",""cb_member_067"",""cb_member_004"",""cb_member_061"",""cb_member_015"",""cb_member_023"",""cb_member_025"",""cb_member_012"",""cb_member_069""]",2026-01-10 11:00:00,2026-01-13,false,false,12.0,[],0
Cb,Di 11:00,"[""cb_member_043"",""cb_member_067"",""cb_member_004"",""cb_member_061"",""cb_member_015"",""cb_member_023"",""cb_member_025"",""cb_member_012"",""cb_member_021""]",2026-01-12 11:00:00,2026-01-13,false,false,12.0,"[""cb_member_032""]",1
Cb,Di 11:00,"[""cb_member_043"",""cb_member_067"",""cb_member_004"",""cb_member_061"",""cb_member_015"",""cb_member_023"",""cb_member_025"",""cb_member_012"",""cb_member_021"",""cb_member_035"",""cb_member_008""]",2026-01-12 23:00:00,2026-01-13,false,false,12.0,"[""cb_member_032""]",1
Cb,Di 11:00,"[""cb_member_043"",""cb_member_067"",""cb_member_004"",""cb_member_061"",""cb_member_015"",""cb_member_023"",""cb_member_025"",""cb_member_012"",""cb_member_021"",""cb_member_035"",""cb_member_008"",""cb_member_005""]",2026-01-13 05:00:00,2026-01-13,false,false,12.0,"[""cb_member_032"",""cb_member_018""]",2
Cb,Di 11:00,"[""cb_member_022"",""cb_member_035"",""cb_member_051"",""cb_member_048"",""cb_member_036""]",2026-01-16 11:00:00,2026-01-20,false,false,12.0,"[""cb_member_041""]",1
Cb,Di 11:00,"[""cb_member_022"",""cb_member_035"",""cb_member_051"",""cb_member_048"",""cb_member_053"",""cb_member_069"",""cb_member_036""]",2026-01-17 11:00:00,2026-01-20,false,false,12.0,"[""cb_member_041""]",1
Cb,Di 11:00,"[""cb_member_022"",""cb_member_035"",""cb_member_051"",""cb_member_048"",""cb_member_053"",""cb_member_069"",""cb_member_080"",""cb_member_003""]",2026-01-18 11:00:00,2026-01-20,false,false,12.0,"[""cb_member_005""]",1
Cb,Di 11:00,"[""cb_member_022"",""cb_member_035"",""cb_member_051"",""cb_member_048"",""cb_member_053"",""cb_member_069"",""cb_member_080"",""cb_member_003"",""cb_member_056"",""cb_member_001""]",2026-01-19 11:00:00,2026-01-20,false,,12.0,"[""cb_member_005"",""cb_member_004""]",2
Cb,Di 11:00,"[""cb_member_022"",""cb_member_035"",""cb_member_051"",""cb_member_048"",""cb_member_053"",""cb_member_069"",""cb_member_080"",""cb_member_003"",""cb_member_056"",""cb_member_001"",""cb_member_070"",""cb_member_030""]",2026-01-19 23:00:00,2026-01-20,false,false,12.0,"[""cb_member_005"",""cb_member_004"",""cb_member_050""]",3
Cb,Di 11:00,"[""cb_member_068"",""cb_member_056"",""cb_member_027"",""cb_member_006"",""cb_member_066""]",2026-01-20 11:00:00,2026-01-27,false,false,12.0,"[""cb_member_017""]",1
Cb,Di 11:00,"[""cb_member_068"",""cb_member_056"",""cb_member_027"",""cb_member_006"",""cb_member_015"",""cb_member_030"",""cb_member_066""]",2026-01-21 23:00:00,2026-01-27,false,false,12.0,"[""cb_member_017""]",1
Cb,Di 11:00,"[""cb_member_068"",""cb_member_056"",""cb_member_027"",""cb_member_006"",""cb_member_015"",""cb_member_030"",""cb_member_035"",""cb_member_066""]",2026-01-23 11:00:00,2026-01-27,false,false,12.0,[],0
Cb,Di 11:00,"[""cb_member_068"",""cb_member_056"",""cb_member_027"",""cb_member_006"",""cb_member_015"",""cb_member_030"",""cb_member_035"",""cb_member_002""]",2026-01-24 11:00:00,2026-01-27,false,false,12.0,[],0
Cb,Di 11:00,"[""cb_member_068"",""cb_member_056"",""cb_member_027"",""cb_member_006"",""cb_member_015"",""cb_member_030"",""cb_member_035"",""cb_member_002"",""cb_member_005"",""cb_member_040""]",2026-01-26 11:00:00,2026-01-27,false,false,12.0,[],0
Cb,Di 11:00,"[""cb_member_068"",""cb_member_056"",""cb_member_027"",""cb_member_006"",""cb_member_015"",""cb_member_030"",""cb_member_035"",""cb_member_002"",""cb_member_005"",""cb_member_040"",""cb_member_022""]",2026-01-26 23:00:00,2026-01-27,false,false,,"[""cb_member_069""]",1
Cb,Di 11:00,"[""cb_member_068"",""cb_member_056"",""cb_member_027"",""cb_member_006"",""cb_member_015"",""cb_member_030"",""cb_member_035"",""cb_member_002"",""cb_member_005"",""cb_member_040"",""cb_member_022"",""cb_member_011""]",2026-01-27 05:00:00,2026-01-27,false,false,12.0,"[""cb_member_069""]",1
Cb,Di 11:00,"[""cb_member_048"",""cb_member_044"",""cb_member_074""]",2026-01-27 11:00:00,2026-02-03,false,false,12.0,"[""cb_member_007""]",1
Cb,Di 11:00,"[""cb_member_048"",""cb_member_044"",""cb_member_046"",""cb_member_016"",""cb_member_074""]",2026-01-28 23:00:00,2026-02-03,false,false,12.0,"[""cb_member_007""]",1
Cb,Di 11:00,"[""cb_member_048"",""cb_member_044"",""cb_member_046"",""cb_member_016"",""cb_member_041""]",2026-02-01 11:00:00,2026-02-03,false,false,12.0,[],0
Cb,Di 11:00,"[""cb_member_048"",""cb_member_044"",""cb_member_046"",""cb_member_016"",""cb_member_041"",""cb_member_036""]",2026-02-02 23:00:00,2026-02-03,false,false,12.0,"[""cb_member_030""]",1
Cb,Di 11:00,"[""cb_member_048"",""cb_member_044"",""cb_member_046"",""cb_member_016"",""cb_member_041"",""cb_member_036"",""cb_member_079""]",2026-02-03 05:00:00,2026-02-03,false,false,12.0,"[""cb_member_030""]",1
Cb,Di 11:00,"[""cb_member_039"",""cb_member_051"",""cb_member_024"",""cb_member_056"",""cb_member_062""]",2026-02-04 23:00:00,2026-02-10,false,false,12.0,"[""cb_member_042""]",1
Cb,Di 11:00,"[""cb_member_039"",""cb_member_051"",""cb_member_024"",""cb_member_056"",""cb_member_071"",""cb_member_074"",""cb_member_062""]",2026-02-06 11:00:00,2026-02-10,false,false,12.0,"[""cb_member_042""]",1
Cb,Di 11:00,"[""cb_member_039"",""cb_member_051"",""cb_member_024"",""cb_member_056"",""cb_member_071"",""cb_member_074"",""cb_member_020"",""cb_member_006""]",2026-02-07 11:00:00,2026-02-10,false,false,12.0,[],0
Cb,Di 11:00,"[""cb_member_039"",""cb_member_051"",""cb_member_024"",""cb_member_056"",""cb_member_071"",""cb_member_074"",""cb_member_020"",""cb_member_006"",""cb_member_025"",""cb_member_055""]",2026-02-09 23:00:00,2026-02-10,false,false,12.0,"[""cb_member_009""]",1
Cb,Di 11:00,"[""cb_member_039"",""cb_member_051"",""cb_member_024"",""cb_member_056"",""cb_member_071"",""cb_member_074"",""cb_member_020"",""cb_member_006"",""cb_member_025"",""cb_member_055"",""cb_member_012"",""cb_member_041""]",2026-02-10 05:00:00,2026-02-10,false,false,12.0,"[""cb_member_009""]",1
Cb,Di 11:00,"[""cb_member_004"",""cb_member_069"",""cb_member_058"",""cb_member_068"",""cb_member_008""]",2026-02-10 11:00:00,2026-02-17,false,true,12.0,"[""cb_member_010""]",1
Cb,Di 11:00,"[""cb_member_004"",""cb_member_069"",""cb_member_058"",""cb_member_068"",""cb_member_074"",""cb_member_075"",""cb_member_008""]",2026-02-13 11:00:00,2026-02-17,false,true,12.0,"[""cb_member_010""]",1
Cb,Di 11:00,"[""cb_member_004"",""cb_member_069"",""cb_member_058"",""cb_member_068"",""cb_member_074"",""cb_member_075"",""cb_member_042"",""cb_member_077""]",2026-02-14 11:00:00,2026-02-17,false,true,12.0,[],0
Cb,Di 11:00,"[""cb_member_004"",""cb_member_069"",""cb_member_058"",""cb_member_068"",""cb_member_074"",""cb_member_075"",""cb_member_042"",""cb_member_077"",""cb_member_065"",""cb_member_055""]",2026-02-15 11:00:00,2026-02-17,false,true,12.0,"[""cb_member_080""]",1
Cb,Di 11:00,"[""cb_member_004"",""cb_member_069"",""cb_member_058"",""cb_member_068"",""cb_member_074"",""cb_member_075"",""cb_member_042"",""cb_member_077"",""cb_member_065"",""cb_member_055"",""cb_member_024"",""cb_member_070""]",2026-02-16 23:00:00,2026-02-17,false,true,12.0,"[""cb_member_080""]",1
Cb,Di 11:00,"[""cb_member_076"",""cb_member_074"",""cb_member_030"",""cb_member_038"",""cb_member_037""]",2026-02-17 11:00:00,2026-02-24,false,false,12.0,"[""cb_member_041""]",1
Cb,Di 11:00,"[""cb_member_076"",""cb_member_074"",""cb_member_030"",""cb_member_038"",""cb_member_018"",""cb_member_065"",""cb_member_037""]",2026-02-18 23:00:00,2026-02-24,false,false,12.0,"[""cb_member_041""]",1
Cb,Di 11:00,"[""cb_member_076"",""cb_member_074"",""cb_member_030"",""cb_member_038"",""cb_member_018"",""cb_member_065"",""cb_member_064"",""cb_member_037""]",2026-02-20 11:00:00,2026-02-24,false,false,12.0,[],0
Cb,Di 11:00,"[""cb_member_076"",""cb_member_074"",""cb_member_030"",""cb_member_038"",""cb_member_018"",""cb_member_065"",""cb_member_064"",""cb_member_007""]",2026-02-21 11:00:00,2026-02-24,false,false,12.0,"[""cb_member_073""]",1
Cb,Di 11:00,"[""cb_member_076"",""cb_member_074"",""cb_member_030"",""cb_member_038"",""cb_member_018"",""cb_member_065"",""cb_member_064"",""cb_member_007"",""cb_member_078"",""cb_member_042""]",2026-02-22 11:00:00,2026-02-24,false,false,12.0,"[""cb_member_073""]",1
Cb,Di 11:00,"[""cb_member_076"",""cb_member_074"",""cb_member_030"",""cb_member_038"",""cb_member_018"",""cb_member_065"",""cb_member_064"",""cb_member_007"",""cb_member_078"",""cb_member_042"",""cb_member_070""]",2026-02-23 11:00:00,2026-02-24,false,false,12.0,"[""cb_member_073"",""cb_member_017""]",2
Cb,Di 11:00,"[""cb_member_076"",""cb_member_074"",""cb_member_030"",""cb_member_038"",""cb_member_018"",""cb_member_065"",""cb_member_064"",""cb_member_007"",""cb_member_078"",""cb_member_042"",""cb_member_070"",""cb_member_014""]",2026-02-24 05:00:00,2026-02-24,false,false,12.0,"[""cb_member_073"",""cb_member_017"",""cb_member_067""]",3
Cb,Di 11:00,"[""cb_member_011"",""cb_member_038"",""cb_member_006"",""cb_member_019"",""cb_member_057""]",2026-02-24 11:00:00,2026-03-03,false,false,12.0,"[""cb_member_014""]",1
Cb,Di 11:00,"[""cb_member_011"",""cb_member_038"",""cb_member_006"",""cb_member_019"",""cb_member_063"",""cb_member_057""]",2026-02-27 11:00:00,2026-03-03,false,false,12.0,"[""cb_member_014""]",1
Cb,Di 11:00,"[""cb_member_011"",""cb_member_038"",""cb_member_006"",""cb_member_019"",""cb_member_063"",""cb_member_004"",""cb_member_078"",""cb_member_057""]",2026-02-28 11:00:00,2026-03-03,false,false,12.0,[],0
Cb,Di 11:00,"[""cb_member_011"",""cb_member_038"",""cb_member_006"",""cb_member_019"",""cb_member_063"",""cb_member_004"",""cb_member_078"",""cb_member_024""]",2026-03-01 11:00:00,2026-03-03,false,false,12.0,[],0
Cb,Di 11:00,"[""cb_member_011"",""cb_member_038"",""cb_member_006"",""cb_member_019"",""cb_member_063"",""cb_member_004"",""cb_member_078"",""cb_member_024"",""cb_member_052"",""cb_member_040""]",2026-03-02 23:00:00,2026-03-03,false,false,12.0,[],0
Cb,Di 11:00,"[""cb_member_011"",""cb_member_038"",""cb_member_006"",""cb_member_019"",""cb_member_063"",""cb_member_004"",""cb_member_078"",""cb_member_024"",""cb_member_052"",""cb_member_040"",""cb_member_070""]",2026-03-03 05:00:00,2026-03-03,false,false,12.0,[],0
Cb,Di 11:00,"[""cb_member_037"",""cb_member_018"",""cb_member_068"",""cb_member_046"",""cb_member_033""]",2026-03-03 11:00:00,2026-03-10,false,false,12.0,"[""cb_member_008""]",1
Cb,Di 11:00,"[""cb_member_037"",""cb_member_018"",""cb_member_068"",""cb_member_046"",""cb_member_041"",""cb_member_014"",""cb_member_033""]",2026-03-04 23:00:00,2026-03-10,false,false,12.0,"[""cb_member_008""]",1
Cb,Di 11:00,"[""cb_member_037"",""cb_member_018"",""cb_member_068"",""cb_member_046"",""cb_member_041"",""cb_member_014"",""cb_member_066"",""cb_member_004""]",2026-03-07 11:00:00,2026-03-10,false,false,12.0,[],0
Cb,Di 11:00,"[""cb_member_037"",""cb_member_018"",""cb_member_068"",""cb_member_046"",""cb_member_041"",""cb_member_014"",""cb_member_066"",""cb_member_004"",""cb_member_048"",""cb_member_039""]",2026-03-09 11:00:00,2026-03-10,false,false,12.0,[],0
Cb,Di 11:00,"[""cb_member_037"",""cb_member_018"",""cb_member_068"",""cb_member_046"",""cb_member_041"",""cb_member_014"",""cb_member_066"",""cb_member_004"",""cb_member_048"",""cb_member_039"",""cb_member_003"",""cb_member_015""]",2026-03-10 05:00:00,2026-03-10,false,false,12.0,[],0
Cb,Di 11:00,"[""cb_member_029"",""cb_member_051"",""cb_member_008"",""cb_member_049"",""cb_member_006""]",2026-03-10 11:00:00,2026-03-17,false,false,12.0,"[""cb_member_012""]",1
Cb,Di 11:00,"[""cb_member_029"",""cb_member_051"",""cb_member_008"",""cb_member_049"",""cb_member_046"",""cb_member_045"",""cb_member_006""]",2026-03-13 11:00:00,2026-03-17,false,false,12.0,"[""cb_member_012""]",1
Cb,Di 11:00,"[""cb_member_029"",""cb_member_051"",""cb_member_008"",""cb_member_049"",""cb_member_046"",""cb_member_045"",""cb_member_014"",""cb_member_006""]",2026-03-14 11:00:00,2026-03-17,false,false,12.0,[],0
Cb,Di 11:00,"[""cb_member_029"",""cb_member_051"",""cb_member_008"",""cb_member_049"",""cb_member_046"",""cb_member_045"",""cb_member_014"",""cb_member_054""]",2026-03-15 11:00:00,2026-03-17,false,false,12.0,"[""cb_member_068""]",1
Cb,Di 11:00,"[""cb_member_029"",""cb_member_051"",""cb_member_008"",""cb_member_049"",""cb_member_046"",""cb_member_045"",""cb_member_014"",""cb_member_054"",""cb_member_034"",""cb_member_002""]",2026-03-16 11:00:00,2026-03-17,false,false,12.0,"[""cb_member_068""]",1
Cb,Di 11:00,"[""cb_member_029"",""cb_member_051"",""cb_member_008"",""cb_member_049"",""cb_member_046"",""cb_member_045"",""cb_member_014"",""cb_member_054"",""cb_member_034"",""cb_member_002"",""cb_member_080""]",2026-03-16 23:00:00,2026-03-17,false,false,12.0,"[""cb_member_068"",""cb_member_053""]",2
Cb,Di 11:00,"[""cb_member_029"",""cb_member_051"",""cb_member_008"",""cb_member_049"",""cb_member_046"",""cb_member_045"",""cb_member_014"",""cb_member_054"",""cb_member_034"",""cb_member_002"",""cb_member_080"",""cb_member_024""]",2026-03-17 05:00:00,2026-03-17,false,false,12.0,"[""cb_member_068"",""cb_member_053"",""cb_member_016""]",3
Cb,Di 11:00,"[""cb_member_032"",""cb_member_014"",""cb_member_019"",""cb_member_052"",""cb_member_008""]",2026-03-18 23:00:00,2026-03-24,false,false,12.0,"[""cb_member_027""]",1
Cb,Di 11:00,"[""cb_member_032"",""cb_member_014"",""cb_member_019"",""cb_member_052"",""cb_member_004"",""cb_member_008""]",2026-03-20 11:00:00,2026-03-24,false,false,12.0,"[""cb_member_027""]",1
Cb,Di 11:00,"[""cb_member_032"",""cb_member_014"",""cb_member_019"",""cb_member_052"",""cb_member_004"",""cb_member_010"",""cb_member_016""]",2026-03-22 11:00:00,2026-03-24,false,false,12.0,[],0
Cb,Di 11:00,"[""cb_member_032"",""cb_member_014"",""cb_member_019"",""cb_member_052"",""cb_member_004"",""cb_member_010"",""cb_member_016"",""cb_member_024"",""cb_member_031""]",2026-03-23 23:00:00,2026-03-24,false,false,12.0,[],0
Cb,Di 11:00,"[""cb_member_032"",""cb_member_014"",""cb_member_019"",""cb_member_052"",""cb_member_004"",""cb_member_010"",""cb_member_016"",""cb_member_024"",""cb_member_031"",""cb_member_025""]",2026-03-24 05:00:00,2026-03-24,false,false,12.0,[],0
Cb,Di 11:00,"[""cb_member_019"",""cb_member_062"",""cb_member_026"",""cb_member_007"",""cb_member_014""]",2026-03-24 11:00:00,2026-03-31,false,true,12.0,"[""cb_member_013""]",1
Cb,Di 11:00,"[""cb_member_019"",""cb_member_062"",""cb_member_026"",""cb_member_007"",""cb_member_067"",""cb_member_014""]",2026-03-27 11:00:00,2026-03-31,false,true,12.0,"[""cb_member_013""]",1
Cb,Di 11:00,"[""cb_member_019"",""cb_member_062"",""cb_member_026"",""cb_member_007"",""cb_member_067"",""cb_member_048"",""cb_member_069"",""cb_member_014""]",2026-03-28 11:00:00,2026-03-31,false,true,12.0,[],0
Cb,Di 11:00,"[""cb_member_019"",""cb_member_062"",""cb_member_026"",""cb_member_007"",""cb_member_067"",""cb_member_048"",""cb_member_069"",""cb_member_010""]",2026-03-29 11:00:00,2026-03-31,false,true,12.0,[],0
Cb,Di 11:00,"[""cb_member_019"",""cb_member_062"",""cb_member_026"",""cb_member_007"",""cb_member_067"",""cb_member_048"",""cb_member_069"",""cb_member_010"",""cb_member_049"",""cb_member_016""]",2026-03-30 23:00:00,2026-03-31,false,true,12.0,[],0
Cb,Di 11:00,"[""cb_member_019"",""cb_member_062"",""cb_member_026"",""cb_member_007"",""cb_member_067"",""cb_member_048"",""cb_member_069"",""cb_member_010"",""cb_member_049"",""cb_member_016"",""cb_member_075""]",2026-03-31 05:00:00,2026-03-31,false,true,12.0,[],0
Cb,Di 11:00,"[""cb_member_065"",""cb_member_012"",""cb_member_049"",""cb_member_032"",""cb_member_019""]",2026-04-01 23:00:00,2026-04-07,false,false,12.0,"[""cb_member_072""]",1
Cb,Di 11:00,"[""cb_member_065"",""cb_member_012"",""cb_member_049"",""cb_member_032"",""cb_member_053"",""cb_member_075"",""cb_member_019""]",2026-04-03 11:00:00,2026-04-07,false,false,12.0,"[""cb_member_072""]",1
Cb,Di 11:00,"[""cb_member_065"",""cb_member_012"",""cb_member_049"",""cb_member_032"",""cb_member_053"",""cb_member_075"",""cb_member_036"",""cb_member_044"",""cb_member_019""]",2026-04-04 11:00:00,2026-04-07,false,false,12.0,[],0
Cb,Di 11:00,"[""cb_member_065"",""cb_member_012"",""cb_member_049"",""cb_member_032"",""cb_member_053"",""cb_member_075"",""cb_member_036"",""cb_member_044"",""cb_member_067""]",2026-04-05 11:00:00,2026-04-07,false,false,12.0,[],0
Cb,Di 11:00,"[""cb_member_065"",""cb_member_012"",""cb_member_049"",""cb_member_032"",""cb_member_053"",""cb_member_075"",""cb_member_036"",""cb_member_044"",""cb_member_067"",""cb_member_057"",""cb_member_073""]",2026-04-06 11:00:00,2026-04-07,false,false,12.0,[],0
Cb,Di 11:00,"[""cb_member_065"",""cb_member_012"",""cb_member_049"",""cb_member_032"",""cb_member_053"",""cb_member_075"",""cb_member_036"",""cb_member_044"",""cb_member_067"",""cb_member_057"",""cb_member_073"",""cb_member_069""]",2026-04-07 05:00:00,2026-04-07,false,false,12.0,[],0
Cb,Di 11:00,"[""cb_member_061"",""cb_member_037"",""cb_member_043"",""cb_member_001"",""cb_member_035""]",2026-04-07 11:00:00,2026-04-14,false,false,12.0,"[""cb_member_050""]",1
Cb,Di 11:00,"[""cb_member_061"",""cb_member_037"",""cb_member_043"",""cb_member_001"",""cb_member_031"",""cb_member_003"",""cb_member_035""]",2026-04-08 23:00:00,2026-04-14,false,false,12.0,"[""cb_member_050""]",1
Cb,Di 11:00,"[""cb_member_061"",""cb_member_037"",""cb_member_043"",""cb_member_001"",""cb_member_031"",""cb_member_003"",""cb_member_040"",""cb_member_046""]",2026-04-11 11:00:00,2026-04-14,false,false,12.0,[],0
Cb,Di 11:00,"[""cb_member_061"",""cb_member_037"",""cb_member_043"",""cb_member_001"",""cb_member_031"",""cb_member_003"",""cb_member_040"",""cb_member_046"",""cb_member_044"",""cb_member_058""]",2026-04-12 11:00:00,2026-04-14,false,false,12.0,"[""cb_member_047""]",1
Cb,Di 11:00,"[""cb_member_061"",""cb_member_037"",""cb_member_043"",""cb_member_001"",""cb_member_031"",""cb_member_003"",""cb_member_040"",""cb_member_046"",""cb_member_044"",""cb_member_058""]",2026-04-13 11:00:00,2026-04-14,false,false,12.0,"[""cb_member_047""]",1
Cb,Di 11:00,"[""cb_member_016"",""cb_member_014"",""cb_member_074"",""cb_member_023"",""cb_member_015""]",2026-04-14 11:00:00,2026-04-21,false,false,12.0,"[""cb_member_056""]",1
Cb,Di 11:00,"[""cb_member_016"",""cb_member_014"",""cb_member_074"",""cb_member_023"",""cb_member_029"",""cb_member_051"",""cb_member_015""]",2026-04-15 23:00:00,2026-04-21,false,false,12.0,"[""cb_member_056""]",1
Cb,Di 11:00,"[""cb_member_016"",""cb_member_014"",""cb_member_074"",""cb_member_023"",""cb_member_029"",""cb_member_051"",""cb_member_012"",""cb_member_021"",""cb_member_015""]",2026-04-17 11:00:00,2026-04-21,false,false,12.0,[],0
Cb,Di 11:00,"[""cb_member_016"",""cb_member_014"",""cb_member_074"",""cb_member_023"",""cb_member_029"",""cb_member_051"",""cb_member_012"",""cb_member_021"",""cb_member_036""]",2026-04-19 11:00:00,2026-04-21,false,false,12.0,"[""cb_member_002""]",1
Cb,Di 11:00,"[""cb_member_016"",""cb_member_014"",""cb_member_074"",""cb_member_023"",""cb_member_029"",""cb_member_051"",""cb_member_012"",""cb_member_021"",""cb_member_036"",""cb_member_080"",""cb_member_079""]",2026-04-20 11:00:00,2026-04-21,false,false,12.0,"[""cb_member_002""]",1
Cb,Di 11:00,"[""cb_member_016"",""cb_member_014"",""cb_member_074"",""cb_member_023"",""cb_member_029"",""cb_member_051"",""cb_member_012"",""cb_member_021"",""cb_member_036"",""cb_member_080"",""cb_member_079"",""cb_member_031""]",2026-04-20 23:00:00,2026-04-21,false,false,12.0,"[""cb_member_002"",""cb_member_047""]",2
Cb,Di 11:00,"[""cb_member_023"",""cb_member_008"",""cb_member_036"",""cb_member_080"",""cb_member_029""]",2026-04-21 11:00:00,2026-04-28,false,true,12.0,"[""cb_member_014""]",1
Cb,Di 11:00,"[""cb_member_023"",""cb_member_008"",""cb_member_036"",""cb_member_080"",""cb_member_015"",""cb_member_029""]",2026-04-22 23:00:00,2026-04-28,false,true,12.0,"[""cb_member_014""]",1
Cb,Di 11:00,"[""cb_member_023"",""cb_member_008"",""cb_member_036"",""cb_member_080"",""cb_member_015"",""cb_member_058"",""cb_member_029""]",2026-04-24 11:00:00,2026-04-28,false,true,12.0,[],0
Cb,Di 11:00,"[""cb_member_023"",""cb_member_008"",""cb_member_036"",""cb_member_080"",""cb_member_015"",""cb_member_058"",""cb_member_026"",""cb_member_074""]",2026-04-25 11:00:00,2026-04-28,false,true,12.0,[],0
Cb,Di 11:00,"[""cb_member_023"",""cb_member_008"",""cb_member_036"",""cb_member_080"",""cb_member_015"",""cb_member_058"",""cb_member_026"",""cb_member_074"",""cb_member_002""]",2026-04-26 11:00:00,2026-04-28,false,true,12.0,[],0
Cb,Di 11:00,"[""cb_member_023"",""cb_member_008"",""cb_member_036"",""cb_member_080"",""cb_member_015"",""cb_member_058"",""cb_member_026"",""cb_member_074"",""cb_member_002"",""cb_member_060""]",2026-04-27 23:00:00,2026-04-28,false,true,12.0,[],0
Cb,Di 11:00,"[""cb_member_015"",""cb_member_035"",""cb_member_046"",""cb_member_072"",""cb_member_039""]",2026-04-28 11:00:00,2026-05-05,false,false,12.0,"[""cb_member_038""]",1
Cb,Di 11:00,"[""cb_member_015"",""cb_member_035"",""cb_member_046"",""cb_member_072"",""cb_member_037"",""cb_member_039""]",2026-04-29 23:00:00,2026-05-05,false,false,12.0,"[""cb_member_038""]",1
Cb,Di 11:00,"[""cb_member_015"",""cb_member_035"",""cb_member_046"",""cb_member_072"",""cb_member_037"",""cb_member_066"",""cb_member_039""]",2026-05-01 11:00:00,2026-05-05,false,false,12.0,[],0
Cb,Di 11:00,"[""cb_member_015"",""cb_member_035"",""cb_member_046"",""cb_member_072"",""cb_member_037"",""cb_member_066"",""cb_member_052"",""cb_member_048""]",2026-05-02 11:00:00,2026-05-05,false,false,12.0,[],0
Cb,Di 11:00,"[""cb_member_015"",""cb_member_035"",""cb_member_046"",""cb_member_072"",""cb_member_037"",""cb_member_066"",""cb_member_052"",""cb_member_048"",""cb_member_006""]",2026-05-03 11:00:00,2026-05-05,false,false,12.0,[],0
Cb,Di 11:00,"[""cb_member_015"",""cb_member_035"",""cb_member_046"",""cb_member_072"",""cb_member_037"",""cb_member_066"",""cb_member_052"",""cb_member_048"",""cb_member_006"",""cb_member_078""]",2026-05-04 11:00:00,2026-05-05,false,false,12.0,[],0
Cb,Di 11:00,"[""cb_member_015"",""cb_member_035"",""cb_member_046"",""cb_member_072"",""cb_member_037"",""cb_member_066"",""cb_member_052"",""cb_member_048"",""cb_member_006"",""cb_member_078"",""cb_member_008""]",2026-05-05 05:00:00,2026-05-05,false,false,12.0,[],0
Cb,Di 11:00,"[""cb_member_068"",""cb_member_013"",""cb_member_018"",""cb_member_016"",""cb_member_045""]",2026-05-05 11:00:00,2026-05-12,false,false,12.0,"[""cb_member_015""]",1
Cb,Di 11:00,"[""cb_member_068"",""cb_member_013"",""cb_member_018"",""cb_member_016"",""cb_member_030"",""cb_member_051"",""cb_member_045""]",2026-05-06 23:00:00,2026-05-12,false,false,12.0,"[""cb_member_015""]",1
Cb,Di 11:00,"[""cb_member_068"",""cb_member_013"",""cb_member_018"",""cb_member_016"",""cb_member_030"",""cb_member_051"",""cb_member_075"",""cb_member_045""]",2026-05-08 11:00:00,2026-05-12,false,false,12.0,[],0
Cb,Di 11:00,"[""cb_member_068"",""cb_member_013"",""cb_member_018"",""cb_member_016"",""cb_member_030"",""cb_member_051"",""cb_member_075"",""cb_member_029""]",2026-05-09 11:00:00,2026-05-12,false,false,12.0,"[""cb_member_035""]",1
Cb,Di 11:00,"[""cb_member_068"",""cb_member_013"",""cb_member_018"",""cb_member_016"",""cb_member_030"",""cb_member_051"",""cb_member_075"",""cb_member_029"",""cb_member_054"",""cb_member_028""]",2026-05-10 11:00:00,2026-05-12,false,false,12.0,"[""cb_member_035"",""cb_member_023""]",2
Cb,Di 11:00,"[""cb_member_068"",""cb_member_013"",""cb_member_018"",""cb_member_016"",""cb_member_030"",""cb_member_051"",""cb_member_075"",""cb_member_029"",""cb_member_054"",""cb_member_028"",""cb_member_046""]",2026-05-12 05:00:00,2026-05-12,false,false,12.0,"[""cb_member_035"",""cb_member_023"",""cb_member_074""]",3
Cb,Di 11:00,"[""cb_member_068"",""cb_member_013"",""cb_member_018"",""cb_member_016"",""cb_member_030"",""cb_member_051"",""cb_member_075"",""cb_member_029"",""cb_member_054"",""cb_member_028"",""cb_member_046"",""cb_member_060""]",2026-05-12 11:00:00,2026-05-12,false,false,12.0,"[""cb_member_035"",""cb_member_023"",""cb_member_074"",""cb_member_048""]",4
Cb,Di 11:00,"[""cb_member_019"",""cb_member_033"",""cb_member_038"",""cb_member_041"",""cb_member_053""]",2026-05-12 11:00:00,2026-05-19,false,false,12.0,"[""cb_member_005""]",1
Cb,Di 11:00,"[""cb_member_019"",""cb_member_033"",""cb_member_038"",""cb_member_041"",""cb_member_010"",""cb_member_053""]",2026-05-13 23:00:00,2026-05-19,false,false,12.0,"[""cb_member_005""]",1
Cb,Di 11:00,"[""cb_member_019"",""cb_member_033"",""cb_member_038"",""cb_member_041"",""cb_member_010"",""cb_member_062"",""cb_member_053""]",2026-05-15 11:00:00,2026-05-19,false,false,12.0,[],0
Cb,Di 11:00,"[""cb_member_019"",""cb_member_033"",""cb_member_038"",""cb_member_041"",""cb_member_010"",""cb_member_062"",""cb_member_070"",""cb_member_018""]",2026-05-17 11:00:00,2026-05-19,false,false,12.0,[],0
Cb,Di 11:00,"[""cb_member_019"",""cb_member_033"",""cb_member_038"",""cb_member_041"",""cb_member_010"",""cb_member_062"",""cb_member_070"",""cb_member_018"",""cb_member_052""]",2026-05-18 11:00:00,2026-05-19,false,false,12.0,"[""cb_member_031""]",1
Cb,Di 11:00,"[""cb_member_019"",""cb_member_033"",""cb_member_038"",""cb_member_041"",""cb_member_010"",""cb_member_062"",""cb_member_070"",""cb_member_018"",""cb_member_052"",""cb_member_004""]",2026-05-18 23:00:00,2026-05-19,false,false,12.0,"[""cb_member_031""]",1
Cb,Di 11:00,"[""cb_member_019"",""cb_member_033"",""cb_member_038"",""cb_member_041"",""cb_member_010"",""cb_member_062"",""cb_member_070"",""cb_member_018"",""cb_member_052"",""cb_member_004"",""cb_member_027""]",2026-05-19 05:00:00,2026-05-19,false,false,12.0,"[""cb_member_031"",""cb_member_016""]",2
Cb,Di 11:00,"[""cb_member_004"",""cb_member_015"",""cb_member_025"",""cb_member_072"",""cb_member_007""]",2026-05-19 11:00:00,2026-05-26,false,false,12.0,"[""cb_member_063""]",1
Cb,Di 11:00,"[""cb_member_004"",""cb_member_015"",""cb_member_025"",""cb_member_072"",""cb_member_077"",""cb_member_012"",""cb_member_007""]",2026-05-20 23:00:00,2026-05-26,false,false,12.0,"[""cb_member_063""]",1
Cb,Di 11:00,"[""cb_member_004"",""cb_member_015"",""cb_member_025"",""cb_member_072"",""cb_member_077"",""cb_member_012"",""cb_member_054"",""cb_member_007""]",2026-05-23 11:00:00,2026-05-26,false,false,12.0,[],0
Cb,Di 11:00,"[""cb_member_004"",""cb_member_015"",""cb_member_025"",""cb_member_072"",""cb_member_077"",""cb_member_012"",""cb_member_054"",""cb_member_018""]",2026-05-24 11:00:00,2026-05-26,false,false,12.0,[],0
Cb,Di 11:00,"[""cb_member_004"",""cb_member_015"",""cb_member_025"",""cb_member_072"",""cb_member_077"",""cb_member_012"",""cb_member_054"",""cb_member_018"",""cb_member_011"",""cb_member_041""]",2026-05-25 11:00:00,2026-05-26,false,false,12.0,[],0
Cb,Di 11:00,"[""cb_member_004"",""cb_member_015"",""cb_member_025"",""cb_member_072"",""cb_member_077"",""cb_member_012"",""cb_member_054"",""cb_member_018"",""cb_member_011"",""cb_member_041"",""cb_member_027""]",2026-05-25 23:00:00,2026-05-26,false,false,12.0,"[""cb_member_053""]",1
Cb,Di 11:00,"[""cb_member_004"",""cb_member_015"",""cb_member_025"",""cb_member_072"",""cb_member_077"",""cb_member_012"",""cb_member_054"",""cb_member_018"",""cb_member_011"",""cb_member_041"",""cb_member_027"",""cb_member_052""]",2026-05-26 05:00:00,2026-05-26,false,false,12.0,"[""cb_member_053""]",1
Cb,Di 11:00,"[""cb_member_068"",""cb_member_062"",""cb_member_077"",""cb_member_046"",""cb_member_053""]",2026-05-26 11:00:00,2026-06-02,false,false,12.0,"[""cb_member_024""]",1
Cb,Di 11:00,"[""cb_member_068"",""cb_member_062"",""cb_member_077"",""cb_member_046"",""cb_member_042"",""cb_member_053""]",2026-05-27 23:00:00,2026-06-02,false,false,12.0,"[""cb_member_024""]",1
Cb,Di 11:00,"[""cb_member_068"",""cb_member_062"",""cb_member_077"",""cb_member_046"",""cb_member_042"",""cb_member_006"",""cb_member_010"",""cb_member_053""]",2026-05-30 11:00:00,2026-06-02,false,false,12.0,[],0
Cb,Di 11:00,"[""cb_member_068"",""cb_member_062"",""cb_member_077"",""cb_member_046"",""cb_member_042"",""cb_member_006"",""cb_member_010"",""cb_member_071""]",2026-05-31 11:00:00,2026-06-02,false,false,12.0,[],0
Cb,Di 11:00,"[""cb_member_068"",""cb_member_062"",""cb_member_077"",""cb_member_046"",""cb_member_042"",""cb_member_006"",""cb_member_010"",""cb_member_071"",""cb_member_008"",""cb_member_069""]",2026-06-01 23:00:00,2026-06-02,false,false,12.0,[],0
Cb,Di 11:00,"[""cb_member_068"",""cb_member_062"",""cb_member_077"",""cb_member_046"",""cb_member_042"",""cb_member_006"",""cb_member_010"",""cb_member_071"",""cb_member_008"",""cb_member_069"",""cb_member_066""]",2026-06-02 05:00:00,2026-06-02,false,false,12.0,[],0
Cb,Do 11:00,"[""cb_member_065"",""cb_member_059"",""cb_member_079"",""cb_member_060"",""cb_member_005""]",2026-01-02 23:00:00,2026-01-08,false,false,12.0,"[""cb_member_016""]",1
Cb,Do 11:00,"[""cb_member_065"",""cb_member_059"",""cb_member_079"",""cb_member_060"",""cb_member_020"",""cb_member_018"",""cb_member_005""]",2026-01-04 11:00:00,2026-01-08,false,false,12.0,"[""cb_member_016""]",1
Cb,Do 11:00,"[""cb_member_065"",""cb_member_059"",""cb_member_079"",""cb_member_060"",""cb_member_020"",""cb_member_018"",""cb_member_010"",""cb_member_024""]",2026-01-06 11:00:00,2026-01-08,false,false,12.0,[],0
Cb,Do 11:00,"[""cb_member_065"",""cb_member_059"",""cb_member_079"",""cb_member_060"",""cb_member_020"",""cb_member_018"",""cb_member_010"",""cb_member_024"",""cb_member_063"",""cb_member_072""]",2026-01-07 11:00:00,2026-01-08,false,false,12.0,"[""cb_member_026""]",1
Cb,Do 11:00,"[""cb_member_065"",""cb_member_059"",""cb_member_079"",""cb_member_060"",""cb_member_020"",""cb_member_018"",""cb_member_010"",""cb_member_024"",""cb_member_063"",""cb_member_072"",""cb_member_014"",""cb_member_080""]",2026-01-07 23:00:00,2026-01-08,false,false,12.0,"[""cb_member_026""]",1
Cb,Do 11:00,"[""cb_member_024"",""cb_member_044"",""cb_member_015"",""cb_member_006"",""cb_member_018""]",2026-01-08 11:00:00,2026-01-15,false,false,12.0,"[""cb_member_047""]",1
Cb,Do 11:00,"[""cb_member_024"",""cb_member_044"",""cb_member_015"",""cb_member_006"",""cb_member_059"",""cb_member_018""]",2026-01-09 23:00:00,2026-01-15,false,false,12.0,"[""cb_member_047""]",1
Cb,Do 11:00,"[""cb_member_024"",""cb_member_044"",""cb_member_015"",""cb_member_006"",""cb_member_059"",""cb_member_028"",""cb_member_018""]",2026-01-11 11:00:00,2026-01-15,false,false,12.0,[],0
Cb,Do 11:00,"[""cb_member_024"",""cb_member_044"",""cb_member_015"",""cb_member_006"",""cb_member_059"",""cb_member_028"",""cb_member_019""]",2026-01-12 11:00:00,2026-01-15,false,false,12.0,[],0
Cb,Do 11:00,"[""cb_member_024"",""cb_member_044"",""cb_member_015"",""cb_member_006"",""cb_member_059"",""cb_member_028"",""cb_member_019"",""cb_member_046""]",2026-01-14 11:00:00,2026-01-15,false,false,12.0,[],0
Cb,Do 11:00,"[""cb_member_024"",""cb_member_044"",""cb_member_015"",""cb_member_006"",""cb_member_059"",""cb_member_028"",""cb_member_019"",""cb_member_046"",""cb_member_032""]",2026-01-14 23:00:00,2026-01-15,false,false,12.0,[],0
Cb,Do 11:00,"[""cb_member_024"",""cb_member_044"",""cb_member_015"",""cb_member_006"",""cb_member_059"",""cb_member_028"",""cb_member_019"",""cb_member_046"",""cb_member_032"",""cb_member_075""]",2026-01-15 05:00:00,2026-01-15,false,false,12.0,[],0
Cb,Do 11:00,"[""cb_member_009"",""cb_member_067"",""cb_member_051"",""cb_member_061"",""cb_member_037""]",2026-01-15 11:00:00,2026-01-22,false,false,12.0,"[""cb_member_075""]",1
Cb,Do 11:00,"[""cb_member_009"",""cb_member_067"",""cb_member_051"",""cb_member_061"",""cb_member_080"",""cb_member_025"",""cb_member_037""]",2026-01-18 11:00:00,2026-01-22,false,false,12.0,"[""cb_member_075""]",1
Cb,Do 11:00,"[""cb_member_009"",""cb_member_067"",""cb_member_051"",""cb_member_061"",""cb_member_080"",""cb_member_025"",""cb_member_006"",""cb_member_036""]",2026-01-19 11:00:00,2026-01-22,false,false,12.0,[],0
Cb,Do 11:00,"[""cb_member_009"",""cb_member_067"",""cb_member_051"",""cb_member_061"",""cb_member_080"",""cb_member_025"",""cb_member_006"",""cb_member_036"",""cb_member_076"",""cb_member_042""]",2026-01-21 11:00:00,2026-01-22,false,false,12.0,[],0
Cb,Do 11:00,"[""cb_member_009"",""cb_member_067"",""cb_member_051"",""cb_member_061"",""cb_member_080"",""cb_member_025"",""cb_member_006"",""cb_member_036"",""cb_member_076"",""cb_member_042"",""cb_member_014"",""cb_member_064""]",2026-01-21 23:00:00,2026-01-22,false,false,12.0,[],0
Cb,Do 11:00,"[""cb_member_067"",""cb_member_069"",""cb_member_040"",""cb_member_070"",""cb_member_047""]",2026-01-22 11:00:00,2026-01-29,false,false,12.0,"[""cb_member_010""]",1
Cb,Do 11:00,"[""cb_member_067"",""cb_member_069"",""cb_member_040"",""cb_member_070"",""cb_member_076"",""cb_member_047""]",2026-01-23 23:00:00,2026-01-29,false,false,12.0,"[""cb_member_010""]",1
Cb,Do 11:00,"[""cb_member_067"",""cb_member_069"",""cb_member_040"",""cb_member_070"",""cb_member_076"",""cb_member_055"",""cb_member_047""]",2026-01-26 11:00:00,2026-01-29,false,false,12.0,"[""cb_member_010""]",1
Cb,Do 11:00,"[""cb_member_067"",""cb_member_069"",""cb_member_040"",""cb_member_070"",""cb_member_076"",""cb_member_055"",""cb_member_003"",""cb_member_047""]",2026-01-27 11:00:00,2026-01-29,false,false,12.0,[],0
Cb,Do 11:00,"[""cb_member_067"",""cb_member_069"",""cb_member_040"",""cb_member_070"",""cb_member_076"",""cb_member_055"",""cb_member_003"",""cb_member_080""]",2026-01-28 11:00:00,2026-01-29,false,false,12.0,[],0
Cb,Do 11:00,"[""cb_member_067"",""cb_member_069"",""cb_member_040"",""cb_member_070"",""cb_member_076"",""cb_member_055"",""cb_member_003"",""cb_member_080"",""cb_member_037""]",2026-01-28 23:00:00,2026-01-29,false,false,12.0,"[""cb_member_029""]",1
Cb,Do 11:00,"[""cb_member_067"",""cb_member_069"",""cb_member_040"",""cb_member_070"",""cb_member_076"",""cb_member_055"",""cb_member_003"",""cb_member_080"",""cb_member_037"",""cb_member_032""]",2026-01-29 05:00:00,2026-01-29,false,false,12.0,"[""cb_member_029""]",1
Cb,Do 11:00,"[""cb_member_067"",""cb_member_069"",""cb_member_040"",""cb_member_070"",""cb_member_076"",""cb_member_055"",""cb_member_003"",""cb_member_080"",""cb_member_037"",""cb_member_032"",""cb_member_060""]",2026-01-29 13:00:00,2026-01-29,false,false,12.0,"[""cb_member_029""]",1
Cb,Do 11:00,"[""cb_member_058"",""cb_member_049"",""cb_member_060"",""cb_member_043""]",2026-01-30 23:00:00,2026-02-05,false,false,12.0,"[""cb_member_065""]",1
Cb,Do 11:00,"[""cb_member_058"",""cb_member_049"",""cb_member_060"",""cb_member_042"",""cb_member_043""]",2026-02-01 11:00:00,2026-02-05,false,false,12.0,"[""cb_member_065""]",1
Cb,Do 11:00,"[""cb_member_058"",""cb_member_049"",""cb_member_060"",""cb_member_042"",""cb_member_050"",""cb_member_043""]",2026-02-03 11:00:00,2026-02-05,false,false,12.0,[],0
Cb,Do 11:00,"[""cb_member_058"",""cb_member_049"",""cb_member_060"",""cb_member_042"",""cb_member_050"",""cb_member_036""]",2026-02-04 11:00:00,2026-02-05,false,false,12.0,[],0
Cb,Do 11:00,"[""cb_member_058"",""cb_member_049"",""cb_member_060"",""cb_member_042"",""cb_member_050"",""cb_member_036"",""cb_member_070""]",2026-02-04 23:00:00,2026-02-05,false,false,12.0,[],0
Cb,Do 11:00,"[""cb_member_058"",""cb_member_049"",""cb_member_060"",""cb_member_042"",""cb_member_050"",""cb_member_036"",""cb_member_070"",""cb_member_016""]",2026-02-05 05:00:00,2026-02-05,false,false,12.0,[],0
Cb,Do 11:00,"[""cb_member_042"",""cb_member_002"",""cb_member_034"",""cb_member_047"",""cb_member_010""]",2026-02-05 11:00:00,2026-02-12,false,false,12.0,"[""cb_member_060""]",1
Cb,Do 11:00,"[""cb_member_042"",""cb_member_002"",""cb_member_034"",""cb_member_047"",""cb_member_004"",""cb_member_005"",""cb_member_010""]",2026-02-06 23:00:00,2026-02-12,false,false,12.0,"[""cb_member_060""]",1
Cb,Do 11:00,"[""cb_member_042"",""cb_member_002"",""cb_member_034"",""cb_member_047"",""cb_member_004"",""cb_member_005"",""cb_member_075"",""cb_member_056"",""cb_member_010""]",2026-02-09 11:00:00,2026-02-12,false,false,12.0,[],0
Cb,Do 11:00,"[""cb_member_042"",""cb_member_002"",""cb_member_034"",""cb_member_047"",""cb_member_004"",""cb_member_005"",""cb_member_075"",""cb_member_056"",""cb_member_028""]",2026-02-10 11:00:00,2026-02-12,false,false,12.0,[],0
Cb,Do 11:00,"[""cb_member_042"",""cb_member_002"",""cb_member_034"",""cb_member_047"",""cb_member_004"",""cb_member_005"",""cb_member_075"",""cb_member_056"",""cb_member_028"",""cb_member_037"",""cb_member_078""]",2026-02-11 11:00:00,2026-02-12,false,false,12.0,[],0
Cb,Do 11:00,"[""cb_member_042"",""cb_member_002"",""cb_member_034"",""cb_member_047"",""cb_member_004"",""cb_member_005"",""cb_member_075"",""cb_member_056"",""cb_member_028"",""cb_member_037"",""cb_member_078"",""cb_member_074""]",2026-02-11 23:00:00,2026-02-12,false,false,12.0,[],0
Cb,Do 11:00,"[""cb_member_046"",""cb_member_040"",""cb_member_004"",""cb_member_044""]",2026-02-13 23:00:00,2026-02-19,false,true,12.0,"[""cb_member_052""]",1
Cb,Do 11:00,"[""cb_member_046"",""cb_member_040"",""cb_member_004"",""cb_member_023"",""cb_member_044""]",2026-02-15 11:00:00,2026-02-19,false,true,12.0,"[""cb_member_052""]",1
Cb,Do 11:00,"[""cb_member_046"",""cb_member_040"",""cb_member_004"",""cb_member_023"",""cb_member_041"",""cb_member_053"",""cb_member_044""]",2026-02-17 11:00:00,2026-02-19,false,true,12.0,[],0
Cb,Do 11:00,"[""cb_member_046"",""cb_member_040"",""cb_member_004"",""cb_member_023"",""cb_member_041"",""cb_member_053"",""cb_member_076""]",2026-02-18 11:00:00,2026-02-19,false,true,12.0,[],0
Cb,Do 11:00,"[""cb_member_046"",""cb_member_040"",""cb_member_004"",""cb_member_023"",""cb_member_041"",""cb_member_053"",""cb_member_076"",""cb_member_012""]",2026-02-18 23:00:00,2026-02-19,false,true,12.0,"[""cb_member_045""]",1
Cb,Do 11:00,"[""cb_member_046"",""cb_member_040"",""cb_member_004"",""cb_member_023"",""cb_member_041"",""cb_member_053"",""cb_member_076"",""cb_member_012""]",2026-02-19 05:00:00,2026-02-19,false,true,12.0,"[""cb_member_045""]",1
Cb,Do 11:00,"[""cb_member_071"",""cb_member_072"",""cb_member_064"",""cb_member_027"",""cb_member_054""]",2026-02-20 23:00:00,2026-02-26,false,false,12.0,"[""cb_member_046""]",1
Cb,Do 11:00,"[""cb_member_071"",""cb_member_072"",""cb_member_064"",""cb_member_027"",""cb_member_056"",""cb_member_053"",""cb_member_054""]",2026-02-22 11:00:00,2026-02-26,false,false,12.0,"[""cb_member_046""]",1
Cb,Do 11:00,"[""cb_member_071"",""cb_member_072"",""cb_member_064"",""cb_member_027"",""cb_member_056"",""cb_member_053"",""cb_member_001"",""cb_member_033""]",2026-02-23 11:00:00,2026-02-26,false,false,12.0,[],0
Cb,Do 11:00,"[""cb_member_071"",""cb_member_072"",""cb_member_064"",""cb_member_027"",""cb_member_056"",""cb_member_053"",""cb_member_001"",""cb_member_033"",""cb_member_004"",""cb_member_040""]",2026-02-24 11:00:00,2026-02-26,false,false,12.0,"[""cb_member_025""]",1
Cb,Do 11:00,"[""cb_member_071"",""cb_member_072"",""cb_member_064"",""cb_member_027"",""cb_member_056"",""cb_member_053"",""cb_member_001"",""cb_member_033"",""cb_member_004"",""cb_member_040"",""cb_member_067"",""cb_member_043""]",2026-02-26 05:00:00,2026-02-26,false,false,12.0,"[""cb_member_025""]",1
Cb,Do 11:00,"[""cb_member_040"",""cb_member_019"",""cb_member_035"",""cb_member_063"",""cb_member_074""]",2026-02-26 11:00:00,2026-03-05,false,false,12.0,"[""cb_member_027""]",1
Cb,Do 11:00,"[""cb_member_040"",""cb_member_019"",""cb_member_035"",""cb_member_063"",""cb_member_023"",""cb_member_067"",""cb_member_074""]",2026-02-27 23:00:00,2026-03-05,false,false,12.0,"[""cb_member_027""]",1
Cb,Do 11:00,"[""cb_member_040"",""cb_member_019"",""cb_member_035"",""cb_member_063"",""cb_member_023"",""cb_member_067"",""cb_member_080"",""cb_member_060"",""cb_member_074""]",2026-03-01 11:00:00,2026-03-05,false,false,12.0,[],0
Cb,Do 11:00,"[""cb_member_040"",""cb_member_019"",""cb_member_035"",""cb_member_063"",""cb_member_023"",""cb_member_067"",""cb_member_080"",""cb_member_060"",""cb_member_036""]",2026-03-02 11:00:00,2026-03-05,false,false,12.0,"[""cb_member_071""]",1
Cb,Do 11:00,"[""cb_member_040"",""cb_member_019"",""cb_member_035"",""cb_member_063"",""cb_member_023"",""cb_member_067"",""cb_member_080"",""cb_member_060"",""cb_member_036"",""cb_member_033"",""cb_member_052""]",2026-03-03 11:00:00,2026-03-05,false,false,12.0,"[""cb_member_071""]",1
Cb,Do 11:00,"[""cb_member_040"",""cb_member_019"",""cb_member_035"",""cb_member_063"",""cb_member_023"",""cb_member_067"",""cb_member_080"",""cb_member_060"",""cb_member_036"",""cb_member_033"",""cb_member_052"",""cb_member_062""]",2026-03-04 23:00:00,2026-03-05,false,false,12.0,"[""cb_member_071"",""cb_member_068""]",2
Cb,Do 11:00,"[""cb_member_023"",""cb_member_010"",""cb_member_049"",""cb_member_003"",""cb_member_071""]",2026-03-05 11:00:00,2026-03-12,false,false,12.0,"[""cb_member_072""]",1
Cb,Do 11:00,"[""cb_member_023"",""cb_member_010"",""cb_member_049"",""cb_member_003"",""cb_member_050"",""cb_member_071""]",2026-03-08 11:00:00,2026-03-12,false,false,12.0,"[""cb_member_072""]",1
Cb,Do 11:00,"[""cb_member_023"",""cb_member_010"",""cb_member_049"",""cb_member_003"",""cb_member_050"",""cb_member_016"",""cb_member_037"",""cb_member_071""]",2026-03-09 11:00:00,2026-03-12,false,false,12.0,[],0
Cb,Do 11:00,"[""cb_member_023"",""cb_member_010"",""cb_member_049"",""cb_member_003"",""cb_member_050"",""cb_member_016"",""cb_member_037"",""cb_member_041""]",2026-03-11 11:00:00,2026-03-12,false,false,12.0,"[""cb_member_013""]",1
Cb,Do 11:00,"[""cb_member_023"",""cb_member_010"",""cb_member_049"",""cb_member_003"",""cb_member_050"",""cb_member_016"",""cb_member_037"",""cb_member_041"",""cb_member_020"",""cb_member_017""]",2026-03-11 23:00:00,2026-03-12,false,false,12.0,"[""cb_member_013""]",1
Cb,Do 11:00,"[""cb_member_023"",""cb_member_010"",""cb_member_049"",""cb_member_003"",""cb_member_050"",""cb_member_016"",""cb_member_037"",""cb_member_041"",""cb_member_020"",""cb_member_017"",""cb_member_066""]",2026-03-12 05:00:00,2026-03-12,false,false,12.0,"[""cb_member_013"",""cb_member_053""]",2
Cb,Do 11:00,"[""cb_member_074"",""cb_member_001"",""cb_member_050"",""cb_member_079""]",2026-03-12 11:00:00,2026-03-19,false,false,12.0,"[""cb_member_064""]",1
Cb,Do 11:00,"[""cb_member_074"",""cb_member_001"",""cb_member_050"",""cb_member_017"",""cb_member_027"",""cb_member_079""]",2026-03-13 23:00:00,2026-03-19,false,false,12.0,"[""cb_member_064""]",1
Cb,Do 11:00,"[""cb_member_074"",""cb_member_001"",""cb_member_050"",""cb_member_017"",""cb_member_027"",""cb_member_051""]",2026-03-15 11:00:00,2026-03-19,false,false,12.0,[],0
Cb,Do 11:00,"[""cb_member_074"",""cb_member_001"",""cb_member_050"",""cb_member_017"",""cb_member_027"",""cb_member_051"",""cb_member_077"",""cb_member_062""]",2026-03-16 11:00:00,2026-03-19,false,false,12.0,[],0
Cb,Do 11:00,"[""cb_member_074"",""cb_member_001"",""cb_member_050"",""cb_member_017"",""cb_member_027"",""cb_member_051"",""cb_member_077"",""cb_member_062"",""cb_member_007""]",2026-03-17 11:00:00,2026-03-19,false,false,12.0,[],0
Cb,Do 11:00,"[""cb_member_029"",""cb_member_023"",""cb_member_074"",""cb_member_001"",""cb_member_045""]",2026-03-19 11:00:00,2026-03-26,false,false,12.0,"[""cb_member_056""]",1
Cb,Do 11:00,"[""cb_member_029"",""cb_member_023"",""cb_member_074"",""cb_member_001"",""cb_member_017"",""cb_member_045""]",2026-03-22 11:00:00,2026-03-26,false,false,12.0,"[""cb_member_056""]",1
Cb,Do 11:00,"[""cb_member_029"",""cb_member_023"",""cb_member_074"",""cb_member_001"",""cb_member_017"",""cb_member_004"",""cb_member_045""]",2026-03-23 11:00:00,2026-03-26,false,false,12.0,[],0
Cb,Do 11:00,"[""cb_member_029"",""cb_member_023"",""cb_member_074"",""cb_member_001"",""cb_member_017"",""cb_member_004"",""cb_member_016"",""cb_member_077""]",2026-03-24 11:00:00,2026-03-26,false,false,12.0,[],0
Cb,Do 11:00,"[""cb_member_029"",""cb_member_023"",""cb_member_074"",""cb_member_001"",""cb_member_017"",""cb_member_004"",""cb_member_016"",""cb_member_077"",""cb_member_041""]",2026-03-25 11:00:00,2026-03-26,false,false,12.0,[],0
Cb,Do 11:00,"[""cb_member_029"",""cb_member_023"",""cb_member_074"",""cb_member_001"",""cb_member_017"",""cb_member_004"",""cb_member_016"",""cb_member_077"",""cb_member_041"",""cb_member_059""]",2026-03-25 23:00:00,2026-03-26,false,false,12.0,"[""cb_member_050""]",1
Cb,Do 11:00,"[""cb_member_029"",""cb_member_023"",""cb_member_074"",""cb_member_001"",""cb_member_017"",""cb_member_004"",""cb_member_016"",""cb_member_077"",""cb_member_041"",""cb_member_059"",""cb_member_047""]",2026-03-26 05:00:00,2026-03-26,false,false,12.0,"[""cb_member_050""]",1
Cb,Do 11:00,"[""cb_member_006"",""cb_member_066"",""cb_member_062"",""cb_member_005"",""cb_member_044""]",2026-03-26 11:00:00,2026-04-02,false,true,12.0,"[""cb_member_065""]",1
Cb,Do 11:00,"[""cb_member_006"",""cb_member_066"",""cb_member_062"",""cb_member_005"",""cb_member_056"",""cb_member_044""]",2026-03-27 23:00:00,2026-04-02,false,true,12.0,"[""cb_member_065""]",1
Cb,Do 11:00,"[""cb_member_006"",""cb_member_066"",""cb_member_062"",""cb_member_005"",""cb_member_056"",""cb_member_072"",""cb_member_044""]",2026-03-29 11:00:00,2026-04-02,false,true,12.0,[],0
Cb,Do 11:00,"[""cb_member_006"",""cb_member_066"",""cb_member_062"",""cb_member_005"",""cb_member_056"",""cb_member_072"",""cb_member_059"",""cb_member_079""]",2026-03-30 11:00:00,2026-04-02,false,true,12.0,[],0
Cb,Do 11:00,"[""cb_member_006"",""cb_member_066"",""cb_member_062"",""cb_member_005"",""cb_member_056"",""cb_member_072"",""cb_member_059"",""cb_member_079"",""cb_member_054""]",2026-03-31 11:00:00,2026-04-02,false,true,12.0,"[""cb_member_069""]",1
Cb,Do 11:00,"[""cb_member_006"",""cb_member_066"",""cb_member_062"",""cb_member_005"",""cb_member_056"",""cb_member_072"",""cb_member_059"",""cb_member_079"",""cb_member_054"",""cb_member_003""]",2026-04-01 23:00:00,2026-04-02,false,true,12.0,"[""cb_member_069""]",1
Cb,Do 11:00,"[""cb_member_006"",""cb_member_066"",""cb_member_062"",""cb_member_005"",""cb_member_056"",""cb_member_072"",""cb_member_059"",""cb_member_079"",""cb_member_054"",""cb_member_003"",""cb_member_009""]",2026-04-02 05:00:00,2026-04-02,false,true,12.0,"[""cb_member_069""]",1
Cb,Do 11:00,"[""cb_member_039"",""cb_member_003"",""cb_member_056"",""cb_member_004"",""cb_member_006""]",2026-04-02 11:00:00,2026-04-09,false,false,12.0,"[""cb_member_054""]",1
Cb,Do 11:00,"[""cb_member_039"",""cb_member_003"",""cb_member_056"",""cb_member_004"",""cb_member_018"",""cb_member_049"",""cb_member_006""]",2026-04-06 11:00:00,2026-04-09,false,false,12.0,"[""cb_member_054""]",1
Cb,Do 11:00,"[""cb_member_039"",""cb_member_003"",""cb_member_056"",""cb_member_004"",""cb_member_018"",""cb_member_049"",""cb_member_060"",""cb_member_028"",""cb_member_006""]",2026-04-07 11:00:00,2026-04-09,false,false,12.0,[],0
Cb,Do 11:00,"[""cb_member_039"",""cb_member_003"",""cb_member_056"",""cb_member_004"",""cb_member_018"",""cb_member_049"",""cb_member_060"",""cb_member_028"",""cb_member_051""]",2026-04-08 11:00:00,2026-04-09,false,false,12.0,[],0
Cb,Do 11:00,"[""cb_member_039"",""cb_member_003"",""cb_member_056"",""cb_member_004"",""cb_member_018"",""cb_member_049"",""cb_member_060"",""cb_member_028"",""cb_member_051"",""cb_member_008"",""cb_member_027""]",2026-04-08 23:00:00,2026-04-09,false,false,12.0,"[""cb_member_070""]",1
Cb,Do 11:00,"[""cb_member_039"",""cb_member_003"",""cb_member_056"",""cb_member_004"",""cb_member_018"",""cb_member_049"",""cb_member_060"",""cb_member_028"",""cb_member_051"",""cb_member_008"",""cb_member_027"",""cb_member_026""]",2026-04-09 05:00:00,2026-04-09,false,false,12.0,"[""cb_member_070""]",1
Cb,Do 11:00,"[""cb_member_078"",""cb_member_024"",""cb_member_018"",""cb_member_074"",""cb_member_017""]",2026-04-10 23:00:00,2026-04-16,false,false,12.0,"[""cb_member_006""]",1
Cb,Do 11:00,"[""cb_member_078"",""cb_member_024"",""cb_member_018"",""cb_member_074"",""cb_member_075"",""cb_member_038"",""cb_member_017""]",2026-04-12 11:00:00,2026-04-16,false,false,12.0,"[""cb_member_006""]",1
Cb,Do 11:00,"[""cb_member_078"",""cb_member_024"",""cb_member_018"",""cb_member_074"",""cb_member_075"",""cb_member_038"",""cb_member_047"",""cb_member_017""]",2026-04-13 11:00:00,2026-04-16,false,false,12.0,[],0
Cb,Do 11:00,"[""cb_member_078"",""cb_member_024"",""cb_member_018"",""cb_member_074"",""cb_member_075"",""cb_member_038"",""cb_member_047"",""cb_member_053""]",2026-04-14 11:00:00,2026-04-16,false,false,12.0,[],0
Cb,Do 11:00,"[""cb_member_078"",""cb_member_024"",""cb_member_018"",""cb_member_074"",""cb_member_075"",""cb_member_038"",""cb_member_047"",""cb_member_053"",""cb_member_033"",""cb_member_072""]",2026-04-15 23:00:00,2026-04-16,false,false,12.0,[],0
Cb,Do 11:00,"[""cb_member_078"",""cb_member_024"",""cb_member_018"",""cb_member_074"",""cb_member_075"",""cb_member_038"",""cb_member_047"",""cb_member_053"",""cb_member_033"",""cb_member_072"",""cb_member_062""]",2026-04-16 05:00:00,2026-04-16,false,false,12.0,"[""cb_member_060""]",1
Cb,Do 11:00,"[""cb_member_078"",""cb_member_024"",""cb_member_018"",""cb_member_074"",""cb_member_075"",""cb_member_038"",""cb_member_047"",""cb_member_053"",""cb_member_033"",""cb_member_072"",""cb_member_062"",""cb_member_023""]",2026-04-16 11:00:00,2026-04-16,false,false,12.0,"[""cb_member_060""]",1
Cb,Do 11:00,"[""cb_member_014"",""cb_member_006"",""cb_member_016"",""cb_member_058"",""cb_member_077""]",2026-04-17 23:00:00,2026-04-23,false,false,12.0,"[""cb_member_068""]",1
Cb,Do 11:00,"[""cb_member_014"",""cb_member_006"",""cb_member_016"",""cb_member_058"",""cb_member_065"",""cb_member_077""]",2026-04-19 11:00:00,2026-04-23,false,false,12.0,"[""cb_member_068""]",1
Cb,Do 11:00,"[""cb_member_014"",""cb_member_006"",""cb_member_016"",""cb_member_058"",""cb_member_065"",""cb_member_075"",""cb_member_077""]",2026-04-20 11:00:00,2026-04-23,false,false,12.0,[],0
Cb,Do 11:00,"[""cb_member_014"",""cb_member_006"",""cb_member_016"",""cb_member_058"",""cb_member_065"",""cb_member_075"",""cb_member_059""]",2026-04-21 11:00:00,2026-04-23,false,false,12.0,[],0
Cb,Do 11:00,"[""cb_member_014"",""cb_member_006"",""cb_member_016"",""cb_member_058"",""cb_member_065"",""cb_member_075"",""cb_member_059"",""cb_member_041""]",2026-04-22 11:00:00,2026-04-23,false,false,12.0,[],0
Cb,Do 11:00,"[""cb_member_014"",""cb_member_006"",""cb_member_016"",""cb_member_058"",""cb_member_065"",""cb_member_075"",""cb_member_059"",""cb_member_041"",""cb_member_033""]",2026-04-22 23:00:00,2026-04-23,false,false,12.0,"[""cb_member_034""]",1
Cb,Do 11:00,"[""cb_member_014"",""cb_member_006"",""cb_member_016"",""cb_member_058"",""cb_member_065"",""cb_member_075"",""cb_member_059"",""cb_member_041"",""cb_member_033"",""cb_member_030""]",2026-04-23 05:00:00,2026-04-23,false,false,12.0,"[""cb_member_034""]",1
Cb,Do 11:00,"[""cb_member_026"",""cb_member_008"",""cb_member_018"",""cb_member_014"",""cb_member_005""]",2026-04-24 23:00:00,2026-04-30,false,true,12.0,"[""cb_member_041""]",1
Cb,Do 11:00,"[""cb_member_026"",""cb_member_008"",""cb_member_018"",""cb_member_014"",""cb_member_059"",""cb_member_042"",""cb_member_005""]",2026-04-26 11:00:00,2026-04-30,false,true,12.0,"[""cb_member_041""]",1
Cb,Do 11:00,"[""cb_member_026"",""cb_member_008"",""cb_member_018"",""cb_member_014"",""cb_member_059"",""cb_member_042"",""cb_member_007"",""cb_member_080"",""cb_member_005""]",2026-04-27 11:00:00,2026-04-30,false,true,12.0,[],0
Cb,Do 11:00,"[""cb_member_026"",""cb_member_008"",""cb_member_018"",""cb_member_014"",""cb_member_059"",""cb_member_042"",""cb_member_007"",""cb_member_080"",""cb_member_020""]",2026-04-28 11:00:00,2026-04-30,false,true,12.0,[],0
Cb,Do 11:00,"[""cb_member_026"",""cb_member_008"",""cb_member_018"",""cb_member_014"",""cb_member_059"",""cb_member_042"",""cb_member_007"",""cb_member_080"",""cb_member_020"",""cb_member_022"",""cb_member_070""]",2026-04-29 11:00:00,2026-04-30,false,true,12.0,"[""cb_member_075""]",1
Cb,Do 11:00,"[""cb_member_026"",""cb_member_008"",""cb_member_018"",""cb_member_014"",""cb_member_059"",""cb_member_042"",""cb_member_007"",""cb_member_080"",""cb_member_020"",""cb_member_022"",""cb_member_070"",""cb_member_047""]",2026-04-30 05:00:00,2026-04-30,false,true,12.0,"[""cb_member_075""]",1
Cb,Do 11:00,"[""cb_member_021"",""cb_member_064"",""cb_member_013"",""cb_member_058"",""cb_member_020""]",2026-04-30 11:00:00,2026-05-07,false,false,12.0,"[""cb_member_066""]",1
Cb,Do 11:00,"[""cb_member_021"",""cb_member_064"",""cb_member_013"",""cb_member_058"",""cb_member_024"",""cb_member_020""]",2026-05-01 23:00:00,2026-05-07,false,false,12.0,"[""cb_member_066""]",1
Cb,Do 11:00,"[""cb_member_021"",""cb_member_064"",""cb_member_013"",""cb_member_058"",""cb_member_024"",""cb_member_078"",""cb_member_026""]",2026-05-06 11:00:00,2026-05-07,false,false,12.0,[],0
Cb,Do 11:00,"[""cb_member_021"",""cb_member_064"",""cb_member_013"",""cb_member_058"",""cb_member_024"",""cb_member_078"",""cb_member_026"",""cb_member_068"",""cb_member_028""]",2026-05-06 23:00:00,2026-05-07,false,false,12.0,"[""cb_member_023""]",1
Cb,Do 11:00,"[""cb_member_021"",""cb_member_064"",""cb_member_013"",""cb_member_058"",""cb_member_024"",""cb_member_078"",""cb_member_026"",""cb_member_068"",""cb_member_028"",""cb_member_072""]",2026-05-07 05:00:00,2026-05-07,false,false,12.0,"[""cb_member_023""]",1
Cb,Do 11:00,"[""cb_member_018"",""cb_member_050"",""cb_member_071"",""cb_member_063"",""cb_member_078""]",2026-05-08 23:00:00,2026-05-14,false,false,12.0,"[""cb_member_030""]",1
Cb,Do 11:00,"[""cb_member_018"",""cb_member_050"",""cb_member_071"",""cb_member_063"",""cb_member_020"",""cb_member_055"",""cb_member_078""]",2026-05-10 11:00:00,2026-05-14,false,false,12.0,"[""cb_member_030""]",1
Cb,Do 11:00,"[""cb_member_018"",""cb_member_050"",""cb_member_071"",""cb_member_063"",""cb_member_020"",""cb_member_055"",""cb_member_003"",""cb_member_034"",""cb_member_078""]",2026-05-11 11:00:00,2026-05-14,false,false,12.0,[],0
Cb,Do 11:00,"[""cb_member_018"",""cb_member_050"",""cb_member_071"",""cb_member_063"",""cb_member_020"",""cb_member_055"",""cb_member_003"",""cb_member_034"",""cb_member_043""]",2026-05-13 11:00:00,2026-05-14,false,false,12.0,[],0
Cb,Do 11:00,"[""cb_member_018"",""cb_member_050"",""cb_member_071"",""cb_member_063"",""cb_member_020"",""cb_member_055"",""cb_member_003"",""cb_member_034"",""cb_member_043"",""cb_member_041"",""cb_member_037""]",2026-05-13 23:00:00,2026-05-14,false,false,12.0,"[""cb_member_064""]",1
Cb,Do 11:00,"[""cb_member_018"",""cb_member_050"",""cb_member_071"",""cb_member_063"",""cb_member_020"",""cb_member_055"",""cb_member_003"",""cb_member_034"",""cb_member_043"",""cb_member_041"",""cb_member_037"",""cb_member_014""]",2026-05-14 05:00:00,2026-05-14,false,false,12.0,"[""cb_member_064""]",1
Cb,Do 11:00,"[""cb_member_040"",""cb_member_004"",""cb_member_057"",""cb_member_022"",""cb_member_074""]",2026-05-14 11:00:00,2026-05-21,false,false,12.0,"[""cb_member_080""]",1
Cb,Do 11:00,"[""cb_member_040"",""cb_member_004"",""cb_member_057"",""cb_member_022"",""cb_member_024"",""cb_member_028"",""cb_member_074""]",2026-05-15 23:00:00,2026-05-21,false,false,12.0,"[""cb_member_080""]",1
Cb,Do 11:00,"[""cb_member_040"",""cb_member_004"",""cb_member_057"",""cb_member_022"",""cb_member_024"",""cb_member_028"",""cb_member_029"",""cb_member_074""]",2026-05-18 11:00:00,2026-05-21,false,false,12.0,[],0
Cb,Do 11:00,"[""cb_member_040"",""cb_member_004"",""cb_member_057"",""cb_member_022"",""cb_member_024"",""cb_member_028"",""cb_member_029"",""cb_member_012""]",2026-05-19 11:00:00,2026-05-21,false,false,12.0,[],0
Cb,Do 11:00,"[""cb_member_040"",""cb_member_004"",""cb_member_057"",""cb_member_022"",""cb_member_024"",""cb_member_028"",""cb_member_029"",""cb_member_012"",""cb_member_039"",""cb_member_055""]",2026-05-20 11:00:00,2026-05-21,false,false,12.0,"[""cb_member_062""]",1
Cb,Do 11:00,"[""cb_member_040"",""cb_member_004"",""cb_member_057"",""cb_member_022"",""cb_member_024"",""cb_member_028"",""cb_member_029"",""cb_member_012"",""cb_member_039"",""cb_member_055"",""cb_member_065""]",2026-05-20 23:00:00,2026-05-21,false,false,12.0,"[""cb_member_062""]",1
Cb,Do 11:00,"[""cb_member_040"",""cb_member_004"",""cb_member_057"",""cb_member_022"",""cb_member_024"",""cb_member_028"",""cb_member_029"",""cb_member_012"",""cb_member_039"",""cb_member_055"",""cb_member_065"",""cb_member_025""]",2026-05-21 05:00:00,2026-05-21,false,false,12.0,"[""cb_member_062"",""cb_member_007""]",2
Cb,Do 11:00,"[""cb_member_038"",""cb_member_028"",""cb_member_061"",""cb_member_079""]",2026-05-22 23:00:00,2026-05-28,false,false,12.0,"[""cb_member_008""]",1
Cb,Do 11:00,"[""cb_member_038"",""cb_member_028"",""cb_member_061"",""cb_member_053"",""cb_member_079""]",2026-05-24 11:00:00,2026-05-28,false,false,12.0,"[""cb_member_008""]",1
Cb,Do 11:00,"[""cb_member_038"",""cb_member_028"",""cb_member_061"",""cb_member_053"",""cb_member_042"",""cb_member_030"",""cb_member_079""]",2026-05-25 11:00:00,2026-05-28,false,false,12.0,[],0
Cb,Do 11:00,"[""cb_member_038"",""cb_member_028"",""cb_member_061"",""cb_member_053"",""cb_member_042"",""cb_member_030"",""cb_member_022""]",2026-05-27 11:00:00,2026-05-28,false,false,12.0,[],0
Cb,Do 11:00,"[""cb_member_038"",""cb_member_028"",""cb_member_061"",""cb_member_053"",""cb_member_042"",""cb_member_030"",""cb_member_022"",""cb_member_024""]",2026-05-27 23:00:00,2026-05-28,false,false,12.0,[],0
Cb,Do 11:00,"[""cb_member_038"",""cb_member_028"",""cb_member_061"",""cb_member_053"",""cb_member_042"",""cb_member_030"",""cb_member_022"",""cb_member_024""]",2026-05-28 05:00:00,2026-05-28,false,false,12.0,[],0
Cb,Do 11:00,"[""cb_member_035"",""cb_member_007"",""cb_member_058"",""cb_member_048"",""cb_member_006""]",2026-05-28 11:00:00,2026-06-04,false,false,12.0,"[""cb_member_010""]",1
Cb,Do 11:00,"[""cb_member_035"",""cb_member_007"",""cb_member_058"",""cb_member_048"",""cb_member_045"",""cb_member_022"",""cb_member_006""]",2026-05-29 23:00:00,2026-06-04,false,false,12.0,"[""cb_member_010""]",1
Cb,Do 11:00,"[""cb_member_035"",""cb_member_007"",""cb_member_058"",""cb_member_048"",""cb_member_045"",""cb_member_022"",""cb_member_065"",""cb_member_050"",""cb_member_006""]",2026-05-31 11:00:00,2026-06-04,false,false,12.0,[],0
Cb,Do 11:00,"[""cb_member_035"",""cb_member_007"",""cb_member_058"",""cb_member_048"",""cb_member_045"",""cb_member_022"",""cb_member_065"",""cb_member_050"",""cb_member_017""]",2026-06-01 11:00:00,2026-06-04,false,false,12.0,[],0
Cb,Do 11:00,"[""cb_member_035"",""cb_member_007"",""cb_member_058"",""cb_member_048"",""cb_member_045"",""cb_member_022"",""cb_member_065"",""cb_member_050"",""cb_member_017"",""cb_member_032"",""cb_member_026""]",2026-06-03 11:00:00,2026-06-04,false,false,12.0,"[""cb_member_008""]",1
Cb,Do 11:00,"[""cb_member_035"",""cb_member_007"",""cb_member_058"",""cb_member_048"",""cb_member_045"",""cb_member_022"",""cb_member_065"",""cb_member_050"",""cb_member_017"",""cb_member_032"",""cb_member_026"",""cb_member_001""]",2026-06-04 05:00:00,2026-06-04,false,false,12.0,"[""cb_member_008""]",1
Cb,Fr 17:00,"[""cb_member_071"",""cb_member_060"",""cb_member_058"",""cb_member_012"",""cb_member_036""]",2026-01-02 17:00:00,2026-01-09,false,false,12.0,"[""cb_member_049""]",1
Cb,Fr 17:00,"[""cb_member_071"",""cb_member_060"",""cb_member_058"",""cb_member_012"",""cb_member_042"",""cb_member_006"",""cb_member_036""]",2026-01-06 17:00:00,2026-01-09,false,false,12.0,"[""cb_member_049""]",1
Cb,Fr 17:00,"[""cb_member_071"",""cb_member_060"",""cb_member_058"",""cb_member_012"",""cb_member_042"",""cb_member_006"",""cb_member_022"",""cb_member_063""]",2026-01-07 17:00:00,2026-01-09,false,false,12.0,[],0
Cb,Fr 17:00,"[""cb_member_071"",""cb_member_060"",""cb_member_058"",""cb_member_012"",""cb_member_042"",""cb_member_006"",""cb_member_022"",""cb_member_063"",""cb_member_020"",""cb_member_045""]",2026-01-08 17:00:00,2026-01-09,false,false,12.0,"[""cb_member_079""]",1
Cb,Fr 17:00,"[""cb_member_071"",""cb_member_060"",""cb_member_058"",""cb_member_012"",""cb_member_042"",""cb_member_006"",""cb_member_022"",""cb_member_063"",""cb_member_020"",""cb_member_045"",""cb_member_077""]",2026-01-09 11:00:00,2026-01-09,false,false,12.0,"[""cb_member_079"",""cb_member_070""]",2
Cb,Fr 17:00,"[""cb_member_016"",""cb_member_061"",""cb_member_051"",""cb_member_069"",""cb_member_013""]",2026-01-13 17:00:00,2026-01-16,false,false,12.0,"[""cb_member_023""]",1
Cb,Fr 17:00,"[""cb_member_016"",""cb_member_061"",""cb_member_051"",""cb_member_069"",""cb_member_015"",""cb_member_078"",""cb_member_013""]",2026-01-14 17:00:00,2026-01-16,false,false,12.0,"[""cb_member_023""]",1
Cb,Fr 17:00,"[""cb_member_016"",""cb_member_061"",""cb_member_051"",""cb_member_069"",""cb_member_015"",""cb_member_078"",""cb_member_077"",""cb_member_075""]",2026-01-15 17:00:00,2026-01-16,false,false,12.0,"[""cb_member_031""]",1
Cb,Fr 17:00,"[""cb_member_016"",""cb_member_061"",""cb_member_051"",""cb_member_069"",""cb_member_015"",""cb_member_078"",""cb_member_077"",""cb_member_075"",""cb_member_042"",""cb_member_001""]",2026-01-16 05:00:00,2026-01-16,false,false,12.0,"[""cb_member_031"",""cb_member_034""]",2
Cb,Fr 17:00,"[""cb_member_016"",""cb_member_061"",""cb_member_051"",""cb_member_069"",""cb_member_015"",""cb_member_078"",""cb_member_077"",""cb_member_075"",""cb_member_042"",""cb_member_001"",""cb_member_012"",""cb_member_026""]",2026-01-16 11:00:00,2026-01-16,false,false,12.0,"[""cb_member_031"",""cb_member_034"",""cb_member_046"",""cb_member_036""]",4
Cb,Fr 17:00,"[""cb_member_035"",""cb_member_053"",""cb_member_048"",""cb_member_018"",""cb_member_026""]",2026-01-16 17:00:00,2026-01-23,false,false,12.0,"[""cb_member_055""]",1
Cb,Fr 17:00,"[""cb_member_035"",""cb_member_053"",""cb_member_048"",""cb_member_018"",""cb_member_033"",""cb_member_026""]",2026-01-18 05:00:00,2026-01-23,false,false,12.0,"[""cb_member_055""]",1
Cb,Fr 17:00,"[""cb_member_035"",""cb_member_053"",""cb_member_048"",""cb_member_018"",""cb_member_033"",""cb_member_014"",""cb_member_026""]",2026-01-19 17:00:00,2026-01-23,false,false,12.0,[],0
Cb,Fr 17:00,"[""cb_member_035"",""cb_member_053"",""cb_member_048"",""cb_member_018"",""cb_member_033"",""cb_member_014"",""cb_member_040"",""cb_member_023""]",2026-01-22 17:00:00,2026-01-23,false,false,12.0,[],0
Cb,Fr 17:00,"[""cb_member_035"",""cb_member_053"",""cb_member_048"",""cb_member_018"",""cb_member_033"",""cb_member_014"",""cb_member_040"",""cb_member_023"",""cb_member_074""]",2026-01-23 05:00:00,2026-01-23,false,false,12.0,[],0
Cb,Fr 17:00,"[""cb_member_035"",""cb_member_053"",""cb_member_048"",""cb_member_018"",""cb_member_033"",""cb_member_014"",""cb_member_040"",""cb_member_023"",""cb_member_074"",""cb_member_079""]",2026-01-23 11:00:00,2026-01-23,false,false,12.0,[],0
Cb,Fr 17:00,"[""cb_member_060"",""cb_member_021"",""cb_member_018"",""cb_member_043"",""cb_member_020""]",2026-01-23 17:00:00,2026-01-30,false,false,12.0,"[""cb_member_005""]",1
Cb,Fr 17:00,"[""cb_member_060"",""cb_member_021"",""cb_member_018"",""cb_member_043"",""cb_member_058"",""cb_member_030"",""cb_member_020""]",2026-01-25 05:00:00,2026-01-30,false,false,12.0,"[""cb_member_005""]",1
Cb,Fr 17:00,"[""cb_member_060"",""cb_member_021"",""cb_member_018"",""cb_member_043"",""cb_member_058"",""cb_member_030"",""cb_member_038"",""cb_member_020""]",2026-01-26 17:00:00,2026-01-30,false,false,12.0,[],0
Cb,Fr 17:00,"[""cb_member_060"",""cb_member_021"",""cb_member_018"",""cb_member_043"",""cb_member_058"",""cb_member_030"",""cb_member_038"",""cb_member_032""]",2026-01-28 17:00:00,2026-01-30,false,false,12.0,[],0
Cb,Fr 17:00,"[""cb_member_060"",""cb_member_021"",""cb_member_018"",""cb_member_043"",""cb_member_058"",""cb_member_030"",""cb_member_038"",""cb_member_032"",""cb_member_015"",""cb_member_078""]",2026-01-29 17:00:00,2026-01-30,false,false,12.0,[],0
Cb,Fr 17:00,"[""cb_member_060"",""cb_member_021"",""cb_member_018"",""cb_member_043"",""cb_member_058"",""cb_member_030"",""cb_member_038"",""cb_member_032"",""cb_member_015"",""cb_member_078"",""cb_member_050""]",2026-01-30 05:00:00,2026-01-30,false,false,12.0,"[""cb_member_049""]",1
Cb,Fr 17:00,"[""cb_member_060"",""cb_member_021"",""cb_member_018"",""cb_member_043"",""cb_member_058"",""cb_member_030"",""cb_member_038"",""cb_member_032"",""cb_member_015"",""cb_member_078"",""cb_member_050"",""cb_member_033""]",2026-01-30 11:00:00,2026-01-30,false,false,12.0,"[""cb_member_049""]",1
Cb,Fr 17:00,"[""cb_member_019"",""cb_member_010"",""cb_member_025"",""cb_member_077"",""cb_member_069""]",2026-01-30 17:00:00,2026-02-06,false,false,12.0,"[""cb_member_032""]",1
Cb,Fr 17:00,"[""cb_member_019"",""cb_member_010"",""cb_member_025"",""cb_member_077"",""cb_member_007"",""cb_member_069""]",2026-02-02 17:00:00,2026-02-06,false,false,12.0,"[""cb_member_032""]",1
Cb,Fr 17:00,"[""cb_member_019"",""cb_member_010"",""cb_member_025"",""cb_member_077"",""cb_member_007"",""cb_member_008"",""cb_member_069""]",2026-02-03 17:00:00,2026-02-06,false,false,12.0,[],0
Cb,Fr 17:00,"[""cb_member_019"",""cb_member_010"",""cb_member_025"",""cb_member_077"",""cb_member_007"",""cb_member_008"",""cb_member_046"",""cb_member_004""]",2026-02-04 17:00:00,2026-02-06,false,false,12.0,[],0
Cb,Fr 17:00,"[""cb_member_019"",""cb_member_010"",""cb_member_025"",""cb_member_077"",""cb_member_007"",""cb_member_008"",""cb_member_046"",""cb_member_004"",""cb_member_011""]",2026-02-05 17:00:00,2026-02-06,false,false,12.0,[],0
Cb,Fr 17:00,"[""cb_member_019"",""cb_member_010"",""cb_member_025"",""cb_member_077"",""cb_member_007"",""cb_member_008"",""cb_member_046"",""cb_member_004"",""cb_member_011"",""cb_member_012""]",2026-02-06 05:00:00,2026-02-06,false,false,12.0,"[""cb_member_068""]",1
Cb,Fr 17:00,"[""cb_member_019"",""cb_member_010"",""cb_member_025"",""cb_member_077"",""cb_member_007"",""cb_member_008"",""cb_member_046"",""cb_member_004"",""cb_member_011"",""cb_member_012"",""cb_member_001""]",2026-02-06 11:00:00,2026-02-06,false,false,12.0,"[""cb_member_068""]",1
Cb,Fr 17:00,"[""cb_member_011"",""cb_member_058"",""cb_member_030"",""cb_member_021"",""cb_member_044""]",2026-02-06 17:00:00,2026-02-13,false,false,12.0,"[""cb_member_037""]",1
Cb,Fr 17:00,"[""cb_member_011"",""cb_member_058"",""cb_member_030"",""cb_member_021"",""cb_member_056"",""cb_member_024"",""cb_member_044""]",2026-02-08 05:00:00,2026-02-13,false,false,12.0,"[""cb_member_037""]",1
Cb,Fr 17:00,"[""cb_member_011"",""cb_member_058"",""cb_member_030"",""cb_member_021"",""cb_member_056"",""cb_member_024"",""cb_member_063"",""cb_member_052""]",2026-02-12 17:00:00,2026-02-13,false,false,12.0,[],0
Cb,Fr 17:00,"[""cb_member_011"",""cb_member_058"",""cb_member_030"",""cb_member_021"",""cb_member_056"",""cb_member_024"",""cb_member_063"",""cb_member_052"",""cb_member_042"",""cb_member_022""]",2026-02-13 05:00:00,2026-02-13,false,false,12.0,[],0
Cb,Fr 17:00,"[""cb_member_011"",""cb_member_058"",""cb_member_030"",""cb_member_021"",""cb_member_056"",""cb_member_024"",""cb_member_063"",""cb_member_052"",""cb_member_042"",""cb_member_022"",""cb_member_014""]",2026-02-13 11:00:00,2026-02-13,false,false,12.0,[],0
Cb,Fr 17:00,"[""cb_member_071"",""cb_member_068"",""cb_member_024"",""cb_member_059"",""cb_member_079""]",2026-02-15 05:00:00,2026-02-20,false,true,12.0,"[""cb_member_037""]",1
Cb,Fr 17:00,"[""cb_member_071"",""cb_member_068"",""cb_member_024"",""cb_member_059"",""cb_member_076"",""cb_member_010"",""cb_member_079""]",2026-02-16 17:00:00,2026-02-20,false,true,12.0,"[""cb_member_037""]",1
Cb,Fr 17:00,"[""cb_member_071"",""cb_member_068"",""cb_member_024"",""cb_member_059"",""cb_member_076"",""cb_member_010"",""cb_member_049"",""cb_member_057"",""cb_member_079""]",2026-02-19 17:00:00,2026-02-20,false,true,12.0,[],0
Cb,Fr 17:00,"[""cb_member_071"",""cb_member_068"",""cb_member_024"",""cb_member_059"",""cb_member_076"",""cb_member_010"",""cb_member_049"",""cb_member_057"",""cb_member_056""]",2026-02-20 05:00:00,2026-02-20,false,true,12.0,"[""cb_member_023""]",1
Cb,Fr 17:00,"[""cb_member_071"",""cb_member_068"",""cb_member_024"",""cb_member_059"",""cb_member_076"",""cb_member_010"",""cb_member_049"",""cb_member_057"",""cb_member_056"",""cb_member_002"",""cb_member_078""]",2026-02-20 11:00:00,2026-02-20,false,true,12.0,"[""cb_member_023""]",1
Cb,Fr 17:00,"[""cb_member_071"",""cb_member_068"",""cb_member_024"",""cb_member_059"",""cb_member_076"",""cb_member_010"",""cb_member_049"",""cb_member_057"",""cb_member_056"",""cb_member_002"",""cb_member_078"",""cb_member_038""]",2026-02-20 19:00:00,2026-02-20,false,true,12.0,"[""cb_member_023"",""cb_member_022""]",2
Cb,Fr 17:00,"[""cb_member_074"",""cb_member_048"",""cb_member_009"",""cb_member_061"",""cb_member_032""]",2026-02-20 17:00:00,2026-02-27,false,false,12.0,"[""cb_member_076""]",1
Cb,Fr 17:00,"[""cb_member_074"",""cb_member_048"",""cb_member_009"",""cb_member_061"",""cb_member_033"",""cb_member_031"",""cb_member_032""]",2026-02-22 05:00:00,2026-02-27,false,false,12.0,"[""cb_member_076""]",1
Cb,Fr 17:00,"[""cb_member_074"",""cb_member_048"",""cb_member_009"",""cb_member_061"",""cb_member_033"",""cb_member_031"",""cb_member_017"",""cb_member_067"",""cb_member_032""]",2026-02-25 17:00:00,2026-02-27,false,false,12.0,[],0
Cb,Fr 17:00,"[""cb_member_074"",""cb_member_048"",""cb_member_009"",""cb_member_061"",""cb_member_033"",""cb_member_031"",""cb_member_017"",""cb_member_067"",""cb_member_015""]",2026-02-26 17:00:00,2026-02-27,false,false,12.0,"[""cb_member_050"",""cb_member_070""]",2
Cb,Fr 17:00,"[""cb_member_074"",""cb_member_048"",""cb_member_009"",""cb_member_061"",""cb_member_033"",""cb_member_031"",""cb_member_017"",""cb_member_067"",""cb_member_015"",""cb_member_018"",""cb_member_079""]",2026-02-27 05:00:00,2026-02-27,false,false,12.0,"[""cb_member_050"",""cb_member_070"",""cb_member_046""]",3
Cb,Fr 17:00,"[""cb_member_074"",""cb_member_048"",""cb_member_009"",""cb_member_061"",""cb_member_033"",""cb_member_031"",""cb_member_017"",""cb_member_067"",""cb_member_015"",""cb_member_018"",""cb_member_079"",""cb_member_041""]",2026-02-27 11:00:00,2026-02-27,false,false,12.0,"[""cb_member_050""]",1
Cb,Fr 17:00,"[""cb_member_019"",""cb_member_067"",""cb_member_073"",""cb_member_015"",""cb_member_010""]",2026-02-27 17:00:00,2026-03-06,false,false,12.0,"[""cb_member_078""]",1
Cb,Fr 17:00,"[""cb_member_019"",""cb_member_067"",""cb_member_073"",""cb_member_015"",""cb_member_064"",""cb_member_017"",""cb_member_010""]",2026-03-01 05:00:00,2026-03-06,false,false,12.0,"[""cb_member_078""]",1
Cb,Fr 17:00,"[""cb_member_019"",""cb_member_067"",""cb_member_073"",""cb_member_015"",""cb_member_064"",""cb_member_017"",""cb_member_080"",""cb_member_010""]",2026-03-02 17:00:00,2026-03-06,false,false,12.0,[],0
Cb,Fr 17:00,"[""cb_member_019"",""cb_member_067"",""cb_member_073"",""cb_member_015"",""cb_member_064"",""cb_member_017"",""cb_member_080"",""cb_member_069""]",2026-03-03 17:00:00,2026-03-06,false,false,12.0,"[""cb_member_001""]",1
Cb,Fr 17:00,"[""cb_member_019"",""cb_member_067"",""cb_member_073"",""cb_member_015"",""cb_member_064"",""cb_member_017"",""cb_member_080"",""cb_member_069"",""cb_member_004"",""cb_member_005""]",2026-03-05 17:00:00,2026-03-06,false,false,12.0,"[""cb_member_001"",""cb_member_046""]",2
Cb,Fr 17:00,"[""cb_member_019"",""cb_member_067"",""cb_member_073"",""cb_member_015"",""cb_member_064"",""cb_member_017"",""cb_member_080"",""cb_member_069"",""cb_member_004"",""cb_member_005"",""cb_member_011""]",2026-03-06 05:00:00,2026-03-06,false,false,12.0,"[""cb_member_001"",""cb_member_046"",""cb_member_072""]",3
Cb,Fr 17:00,"[""cb_member_019"",""cb_member_067"",""cb_member_073"",""cb_member_015"",""cb_member_064"",""cb_member_017"",""cb_member_080"",""cb_member_069"",""cb_member_004"",""cb_member_005"",""cb_member_011"",""cb_member_066""]",2026-03-06 11:00:00,2026-03-06,false,false,12.0,"[""cb_member_001"",""cb_member_046"",""cb_member_072"",""cb_member_058""]",4
Cb,Fr 17:00,"[""cb_member_013"",""cb_member_033"",""cb_member_032"",""cb_member_071"",""cb_member_048""]",2026-03-06 17:00:00,2026-03-13,false,false,12.0,"[""cb_member_060""]",1
Cb,Fr 17:00,"[""cb_member_013"",""cb_member_033"",""cb_member_032"",""cb_member_071"",""cb_member_045"",""cb_member_019"",""cb_member_048""]",2026-03-08 05:00:00,2026-03-13,false,false,12.0,"[""cb_member_060""]",1
Cb,Fr 17:00,"[""cb_member_013"",""cb_member_033"",""cb_member_032"",""cb_member_071"",""cb_member_045"",""cb_member_019"",""cb_member_038"",""cb_member_042"",""cb_member_048""]",2026-03-09 17:00:00,2026-03-13,false,false,12.0,[],0
Cb,Fr 17:00,"[""cb_member_013"",""cb_member_033"",""cb_member_032"",""cb_member_071"",""cb_member_045"",""cb_member_019"",""cb_member_038"",""cb_member_042"",""cb_member_006""]",2026-03-10 17:00:00,2026-03-13,false,false,12.0,"[""cb_member_050"",""cb_member_029""]",2
Cb,Fr 17:00,"[""cb_member_013"",""cb_member_033"",""cb_member_032"",""cb_member_071"",""cb_member_045"",""cb_member_019"",""cb_member_038"",""cb_member_042"",""cb_member_006"",""cb_member_049"",""cb_member_005""]",2026-03-12 17:00:00,2026-03-13,false,false,12.0,"[""cb_member_050"",""cb_member_029"",""cb_member_012""]",3
Cb,Fr 17:00,"[""cb_member_013"",""cb_member_033"",""cb_member_032"",""cb_member_071"",""cb_member_045"",""cb_member_019"",""cb_member_038"",""cb_member_042"",""cb_member_006"",""cb_member_049"",""cb_member_005"",""cb_member_057""]",2026-03-13 11:00:00,2026-03-13,false,false,12.0,"[""cb_member_050"",""cb_member_029"",""cb_member_012"",""cb_member_031""]",4
Cb,Fr 17:00,"[""cb_member_047"",""cb_member_065"",""cb_member_012"",""cb_member_068"",""cb_member_002""]",2026-03-13 17:00:00,2026-03-20,false,false,12.0,"[""cb_member_078""]",1
Cb,Fr 17:00,"[""cb_member_047"",""cb_member_065"",""cb_member_012"",""cb_member_068"",""cb_member_032"",""cb_member_030"",""cb_member_002""]",2026-03-15 05:00:00,2026-03-20,false,false,12.0,"[""cb_member_078""]",1
Cb,Fr 17:00,"[""cb_member_047"",""cb_member_065"",""cb_member_012"",""cb_member_068"",""cb_member_032"",""cb_member_030"",""cb_member_006"",""cb_member_002""]",2026-03-17 17:00:00,2026-03-20,false,false,12.0,[],0
Cb,Fr 17:00,"[""cb_member_047"",""cb_member_065"",""cb_member_012"",""cb_member_068"",""cb_member_032"",""cb_member_030"",""cb_member_006"",""cb_member_055""]",2026-03-19 17:00:00,2026-03-20,false,false,12.0,"[""cb_member_001""]",1
Cb,Fr 17:00,"[""cb_member_047"",""cb_member_065"",""cb_member_012"",""cb_member_068"",""cb_member_032"",""cb_member_030"",""cb_member_006"",""cb_member_055"",""cb_member_074"",""cb_member_036""]",2026-03-20 05:00:00,2026-03-20,false,false,12.0,"[""cb_member_001""]",1
Cb,Fr 17:00,"[""cb_member_047"",""cb_member_065"",""cb_member_012"",""cb_member_068"",""cb_member_032"",""cb_member_030"",""cb_member_006"",""cb_member_055"",""cb_member_074"",""cb_member_036"",""cb_member_056""]",2026-03-20 11:00:00,2026-03-20,false,false,12.0,"[""cb_member_001"",""cb_member_060""]",2
Cb,Fr 17:00,"[""cb_member_047"",""cb_member_065"",""cb_member_012"",""cb_member_068"",""cb_member_032"",""cb_member_030"",""cb_member_006"",""cb_member_055"",""cb_member_074"",""cb_member_036"",""cb_member_056"",""cb_member_031""]",2026-03-20 17:00:00,2026-03-20,false,false,12.0,"[""cb_member_001"",""cb_member_060"",""cb_member_009""]",3
Cb,Fr 17:00,"[""cb_member_017"",""cb_member_075"",""cb_member_048"",""cb_member_076"",""cb_member_002""]",2026-03-20 17:00:00,2026-03-27,false,false,12.0,"[""cb_member_080""]",1
Cb,Fr 17:00,"[""cb_member_017"",""cb_member_075"",""cb_member_048"",""cb_member_076"",""cb_member_015"",""cb_member_071"",""cb_member_002""]",2026-03-23 17:00:00,2026-03-27,false,false,12.0,"[""cb_member_080""]",1
Cb,Fr 17:00,"[""cb_member_017"",""cb_member_075"",""cb_member_048"",""cb_member_076"",""cb_member_015"",""cb_member_071"",""cb_member_019"",""cb_member_002""]",2026-03-24 17:00:00,2026-03-27,false,false,12.0,[],0
Cb,Fr 17:00,"[""cb_member_017"",""cb_member_075"",""cb_member_048"",""cb_member_076"",""cb_member_015"",""cb_member_071"",""cb_member_019"",""cb_member_040""]",2026-03-25 17:00:00,2026-03-27,false,false,12.0,[],0
Cb,Fr 17:00,"[""cb_member_017"",""cb_member_075"",""cb_member_048"",""cb_member_076"",""cb_member_015"",""cb_member_071"",""cb_member_019"",""cb_member_040"",""cb_member_046"",""cb_member_004""]",2026-03-26 17:00:00,2026-03-27,false,false,12.0,"[""cb_member_014""]",1
Cb,Fr 17:00,"[""cb_member_017"",""cb_member_075"",""cb_member_048"",""cb_member_076"",""cb_member_015"",""cb_member_071"",""cb_member_019"",""cb_member_040"",""cb_member_046"",""cb_member_004"",""cb_member_058""]",2026-03-27 05:00:00,2026-03-27,false,false,12.0,"[""cb_member_014""]",1
Cb,Fr 17:00,"[""cb_member_017"",""cb_member_075"",""cb_member_048"",""cb_member_076"",""cb_member_015"",""cb_member_071"",""cb_member_019"",""cb_member_040"",""cb_member_046"",""cb_member_004"",""cb_member_058"",""cb_member_022""]",2026-03-27 11:00:00,2026-03-27,false,false,12.0,"[""cb_member_014"",""cb_member_044""]",2
Cb,Fr 17:00,"[""cb_member_029"",""cb_member_049"",""cb_member_007"",""cb_member_014"",""cb_member_065""]",2026-03-27 17:00:00,2026-04-03,true,true,12.0,"[""cb_member_035""]",1
Cb,Fr 17:00,"[""cb_member_029"",""cb_member_049"",""cb_member_007"",""cb_member_014"",""cb_member_015"",""cb_member_050"",""cb_member_065""]",2026-03-29 05:00:00,2026-04-03,true,true,12.0,"[""cb_member_035""]",1
Cb,Fr 17:00,"[""cb_member_029"",""cb_member_049"",""cb_member_007"",""cb_member_014"",""cb_member_015"",""cb_member_050"",""cb_member_064"",""cb_member_079""]",2026-03-30 17:00:00,2026-04-03,true,true,12.0,[],0
Cb,Fr 17:00,"[""cb_member_029"",""cb_member_049"",""cb_member_007"",""cb_member_014"",""cb_member_015"",""cb_member_050"",""cb_member_064"",""cb_member_079"",""cb_member_009"",""cb_member_072""]",2026-04-02 17:00:00,2026-04-03,true,true,12.0,"[""cb_member_044""]",1
Cb,Fr 17:00,"[""cb_member_029"",""cb_member_049"",""cb_member_007"",""cb_member_014"",""cb_member_015"",""cb_member_050"",""cb_member_064"",""cb_member_079"",""cb_member_009"",""cb_member_072""]",2026-04-03 05:00:00,2026-04-03,true,true,12.0,"[""cb_member_044""]",1
Cb,Fr 17:00,"[""cb_member_018"",""cb_member_057"",""cb_member_062"",""cb_member_033"",""cb_member_040""]",2026-04-03 17:00:00,2026-04-10,false,false,12.0,"[""cb_member_055""]",1
Cb,Fr 17:00,"[""cb_member_018"",""cb_member_057"",""cb_member_062"",""cb_member_033"",""cb_member_050"",""cb_member_045"",""cb_member_040""]",2026-04-07 17:00:00,2026-04-10,false,false,12.0,"[""cb_member_055""]",1
Cb,Fr 17:00,"[""cb_member_018"",""cb_member_057"",""cb_member_062"",""cb_member_033"",""cb_member_050"",""cb_member_045"",""cb_member_013"",""cb_member_075"",""cb_member_040""]",2026-04-08 17:00:00,2026-04-10,false,false,12.0,[],0
Cb,Fr 17:00,"[""cb_member_018"",""cb_member_057"",""cb_member_062"",""cb_member_033"",""cb_member_050"",""cb_member_045"",""cb_member_013"",""cb_member_075"",""cb_member_078""]",2026-04-09 17:00:00,2026-04-10,false,false,12.0,"[""cb_member_023""]",1
Cb,Fr 17:00,"[""cb_member_018"",""cb_member_057"",""cb_member_062"",""cb_member_033"",""cb_member_050"",""cb_member_045"",""cb_member_013"",""cb_member_075"",""cb_member_078"",""cb_member_056"",""cb_member_020""]",2026-04-10 05:00:00,2026-04-10,false,false,12.0,"[""cb_member_023""]",1
Cb,Fr 17:00,"[""cb_member_018"",""cb_member_057"",""cb_member_062"",""cb_member_033"",""cb_member_050"",""cb_member_045"",""cb_member_013"",""cb_member_075"",""cb_member_078"",""cb_member_056"",""cb_member_020"",""cb_member_028""]",2026-04-10 11:00:00,2026-04-10,false,false,12.0,"[""cb_member_023"",""cb_member_022""]",2
Cb,Fr 17:00,"[""cb_member_011"",""cb_member_066"",""cb_member_046"",""cb_member_019"",""cb_member_025""]",2026-04-10 17:00:00,2026-04-17,false,false,12.0,"[""cb_member_029""]",1
Cb,Fr 17:00,"[""cb_member_011"",""cb_member_066"",""cb_member_046"",""cb_member_019"",""cb_member_044"",""cb_member_042"",""cb_member_025""]",2026-04-12 05:00:00,2026-04-17,false,false,12.0,"[""cb_member_029""]",1
Cb,Fr 17:00,"[""cb_member_011"",""cb_member_066"",""cb_member_046"",""cb_member_019"",""cb_member_044"",""cb_member_042"",""cb_member_052"",""cb_member_025""]",2026-04-13 17:00:00,2026-04-17,false,false,12.0,[],0
Cb,Fr 17:00,"[""cb_member_011"",""cb_member_066"",""cb_member_046"",""cb_member_019"",""cb_member_044"",""cb_member_042"",""cb_member_052"",""cb_member_033""]",2026-04-15 17:00:00,2026-04-17,false,false,12.0,[],0
Cb,Fr 17:00,"[""cb_member_011"",""cb_member_066"",""cb_member_046"",""cb_member_019"",""cb_member_044"",""cb_member_042"",""cb_member_052"",""cb_member_033"",""cb_member_063"",""cb_member_050""]",2026-04-16 17:00:00,2026-04-17,false,false,12.0,[],0
Cb,Fr 17:00,"[""cb_member_011"",""cb_member_066"",""cb_member_046"",""cb_member_019"",""cb_member_044"",""cb_member_042"",""cb_member_052"",""cb_member_033"",""cb_member_063"",""cb_member_050"",""cb_member_049""]",2026-04-17 05:00:00,2026-04-17,false,false,12.0,"[""cb_member_070""]",1
Cb,Fr 17:00,"[""cb_member_011"",""cb_member_066"",""cb_member_046"",""cb_member_019"",""cb_member_044"",""cb_member_042"",""cb_member_052"",""cb_member_033"",""cb_member_063"",""cb_member_050"",""cb_member_049"",""cb_member_003""]",2026-04-17 11:00:00,2026-04-17,false,false,12.0,"[""cb_member_070""]",1
Cb,Fr 17:00,"[""cb_member_071"",""cb_member_063"",""cb_member_079"",""cb_member_065"",""cb_member_023""]",2026-04-19 05:00:00,2026-04-24,false,false,12.0,"[""cb_member_003""]",1
Cb,Fr 17:00,"[""cb_member_071"",""cb_member_063"",""cb_member_079"",""cb_member_065"",""cb_member_045"",""cb_member_030"",""cb_member_023""]",2026-04-20 17:00:00,2026-04-24,false,false,12.0,"[""cb_member_003""]",1
Cb,Fr 17:00,"[""cb_member_071"",""cb_member_063"",""cb_member_079"",""cb_member_065"",""cb_member_045"",""cb_member_030"",""cb_member_022"",""cb_member_021"",""cb_member_023""]",2026-04-22 17:00:00,2026-04-24,false,false,12.0,[],0
Cb,Fr 17:00,"[""cb_member_071"",""cb_member_063"",""cb_member_079"",""cb_member_065"",""cb_member_045"",""cb_member_030"",""cb_member_022"",""cb_member_021"",""cb_member_057""]",2026-04-23 17:00:00,2026-04-24,false,false,12.0,"[""cb_member_019""]",1
Cb,Fr 17:00,"[""cb_member_071"",""cb_member_063"",""cb_member_079"",""cb_member_065"",""cb_member_045"",""cb_member_030"",""cb_member_022"",""cb_member_021"",""cb_member_057"",""cb_member_020"",""cb_member_004""]",2026-04-24 05:00:00,2026-04-24,false,false,12.0,"[""cb_member_019""]",1
Cb,Fr 17:00,"[""cb_member_071"",""cb_member_063"",""cb_member_079"",""cb_member_065"",""cb_member_045"",""cb_member_030"",""cb_member_022"",""cb_member_021"",""cb_member_057"",""cb_member_020"",""cb_member_004"",""cb_member_059""]",2026-04-24 11:00:00,2026-04-24,false,false,12.0,"[""cb_member_019"",""cb_member_013""]",2
Cb,Fr 17:00,"[""cb_member_037"",""cb_member_080"",""cb_member_069"",""cb_member_075"",""cb_member_032""]",2026-04-24 17:00:00,2026-05-01,true,true,12.0,"[""cb_member_039""]",1
Cb,Fr 17:00,"[""cb_member_037"",""cb_member_080"",""cb_member_069"",""cb_member_075"",""cb_member_067"",""cb_member_072"",""cb_member_032""]",2026-04-28 17:00:00,2026-05-01,true,true,12.0,"[""cb_member_039""]",1
Cb,Fr 17:00,"[""cb_member_037"",""cb_member_080"",""cb_member_069"",""cb_member_075"",""cb_member_067"",""cb_member_072"",""cb_member_044"",""cb_member_070""]",2026-04-30 17:00:00,2026-05-01,true,true,12.0,[],0
Cb,Fr 17:00,"[""cb_member_037"",""cb_member_080"",""cb_member_069"",""cb_member_075"",""cb_member_067"",""cb_member_072"",""cb_member_044"",""cb_member_070"",""cb_member_060"",""cb_member_055""]",2026-05-01 05:00:00,2026-05-01,true,true,12.0,[],0
Cb,Fr 17:00,"[""cb_member_037"",""cb_member_080"",""cb_member_069"",""cb_member_075"",""cb_member_067"",""cb_member_072"",""cb_member_044"",""cb_member_070"",""cb_member_060"",""cb_member_055"",""cb_member_028""]",2026-05-01 11:00:00,2026-05-01,true,true,12.0,[],0
Cb,Fr 17:00,"[""cb_member_076"",""cb_member_049"",""cb_member_017"",""cb_member_061"",""cb_member_032""]",2026-05-01 17:00:00,2026-05-08,false,false,12.0,"[""cb_member_070""]",1
Cb,Fr 17:00,"[""cb_member_076"",""cb_member_049"",""cb_member_017"",""cb_member_061"",""cb_member_078"",""cb_member_031"",""cb_member_032""]",2026-05-03 05:00:00,2026-05-08,false,false,12.0,"[""cb_member_070""]",1
Cb,Fr 17:00,"[""cb_member_076"",""cb_member_049"",""cb_member_017"",""cb_member_061"",""cb_member_078"",""cb_member_031"",""cb_member_014"",""cb_member_032""]",2026-05-04 17:00:00,2026-05-08,false,false,12.0,[],0
Cb,Fr 17:00,"[""cb_member_076"",""cb_member_049"",""cb_member_017"",""cb_member_061"",""cb_member_078"",""cb_member_031"",""cb_member_014"",""cb_member_073""]",2026-05-05 17:00:00,2026-05-08,false,false,12.0,"[""cb_member_052""]",1
Cb,Fr 17:00,"[""cb_member_076"",""cb_member_049"",""cb_member_017"",""cb_member_061"",""cb_member_078"",""cb_member_031"",""cb_member_014"",""cb_member_073"",""cb_member_013"",""cb_member_035""]",2026-05-07 17:00:00,2026-05-08,false,false,12.0,"[""cb_member_052""]",1
Cb,Fr 17:00,"[""cb_member_076"",""cb_member_049"",""cb_member_017"",""cb_member_061"",""cb_member_078"",""cb_member_031"",""cb_member_014"",""cb_member_073"",""cb_member_013"",""cb_member_035"",""cb_member_027""]",2026-05-08 05:00:00,2026-05-08,false,false,12.0,"[""cb_member_052"",""cb_member_057""]",2
Cb,Fr 17:00,"[""cb_member_076"",""cb_member_049"",""cb_member_017"",""cb_member_061"",""cb_member_078"",""cb_member_031"",""cb_member_014"",""cb_member_073"",""cb_member_013"",""cb_member_035"",""cb_member_027"",""cb_member_042""]",2026-05-08 11:00:00,2026-05-08,false,false,12.0,"[""cb_member_052"",""cb_member_057"",""cb_member_048""]",3
Cb,Fr 17:00,"[""cb_member_032"",""cb_member_043"",""cb_member_008"",""cb_member_048"",""cb_member_007""]",2026-05-10 05:00:00,2026-05-15,false,false,12.0,"[""cb_member_011""]",1
Cb,Fr 17:00,"[""cb_member_032"",""cb_member_043"",""cb_member_008"",""cb_member_048"",""cb_member_077"",""cb_member_024"",""cb_member_007""]",2026-05-13 17:00:00,2026-05-15,false,false,12.0,"[""cb_member_011""]",1
Cb,Fr 17:00,"[""cb_member_032"",""cb_member_043"",""cb_member_008"",""cb_member_048"",""cb_member_077"",""cb_member_024"",""cb_member_019"",""cb_member_021""]",2026-05-14 17:00:00,2026-05-15,false,false,12.0,[],0
Cb,Fr 17:00,"[""cb_member_032"",""cb_member_043"",""cb_member_008"",""cb_member_048"",""cb_member_077"",""cb_member_024"",""cb_member_019"",""cb_member_021"",""cb_member_018"",""cb_member_010""]",2026-05-15 05:00:00,2026-05-15,false,false,12.0,"[""cb_member_054""]",1
Cb,Fr 17:00,"[""cb_member_032"",""cb_member_043"",""cb_member_008"",""cb_member_048"",""cb_member_077"",""cb_member_024"",""cb_member_019"",""cb_member_021"",""cb_member_018"",""cb_member_010"",""cb_member_073"",""cb_member_074""]",2026-05-15 11:00:00,2026-05-15,false,false,12.0,"[""cb_member_054""]",1
Cb,Fr 17:00,"[""cb_member_067"",""cb_member_019"",""cb_member_077"",""cb_member_027"",""cb_member_002""]",2026-05-15 17:00:00,2026-05-22,false,false,12.0,"[""cb_member_043""]",1
Cb,Fr 17:00,"[""cb_member_067"",""cb_member_019"",""cb_member_077"",""cb_member_027"",""cb_member_079"",""cb_member_024"",""cb_member_002""]",2026-05-17 05:00:00,2026-05-22,false,false,12.0,"[""cb_member_043""]",1
Cb,Fr 17:00,"[""cb_member_067"",""cb_member_019"",""cb_member_077"",""cb_member_027"",""cb_member_079"",""cb_member_024"",""cb_member_046"",""cb_member_053""]",2026-05-19 17:00:00,2026-05-22,false,false,12.0,[],0
Cb,Fr 17:00,"[""cb_member_067"",""cb_member_019"",""cb_member_077"",""cb_member_027"",""cb_member_079"",""cb_member_024"",""cb_member_046"",""cb_member_053"",""cb_member_037"",""cb_member_049""]",2026-05-21 17:00:00,2026-05-22,false,false,12.0,"[""cb_member_076""]",1
Cb,Fr 17:00,"[""cb_member_067"",""cb_member_019"",""cb_member_077"",""cb_member_027"",""cb_member_079"",""cb_member_024"",""cb_member_046"",""cb_member_053"",""cb_member_037"",""cb_member_049"",""cb_member_069"",""cb_member_066""]",2026-05-22 11:00:00,2026-05-22,false,false,12.0,"[""cb_member_076"",""cb_member_068""]",2
Cb,Fr 17:00,"[""cb_member_034"",""cb_member_031"",""cb_member_014"",""cb_member_011"",""cb_member_059""]",2026-05-22 17:00:00,2026-05-29,false,false,12.0,"[""cb_member_080""]",1
Cb,Fr 17:00,"[""cb_member_034"",""cb_member_031"",""cb_member_014"",""cb_member_011"",""cb_member_055"",""cb_member_021"",""cb_member_059""]",2026-05-24 05:00:00,2026-05-29,false,false,12.0,"[""cb_member_080""]",1
Cb,Fr 17:00,"[""cb_member_034"",""cb_member_031"",""cb_member_014"",""cb_member_011"",""cb_member_055"",""cb_member_021"",""cb_member_035"",""cb_member_059""]",2026-05-26 17:00:00,2026-05-29,false,false,12.0,[],0
Cb,Fr 17:00,"[""cb_member_034"",""cb_member_031"",""cb_member_014"",""cb_member_011"",""cb_member_055"",""cb_member_021"",""cb_member_035"",""cb_member_074""]",2026-05-27 17:00:00,2026-05-29,false,false,12.0,[],0
Cb,Fr 17:00,"[""cb_member_034"",""cb_member_031"",""cb_member_014"",""cb_member_011"",""cb_member_055"",""cb_member_021"",""cb_member_035"",""cb_member_074"",""cb_member_027"",""cb_member_045""]",2026-05-28 17:00:00,2026-05-29,false,false,12.0,"[""cb_member_062""]",1
Cb,Fr 17:00,"[""cb_member_034"",""cb_member_031"",""cb_member_014"",""cb_member_011"",""cb_member_055"",""cb_member_021"",""cb_member_035"",""cb_member_074"",""cb_member_027"",""cb_member_045"",""cb_member_032""]",2026-05-29 05:00:00,2026-05-29,false,false,12.0,"[""cb_member_062""]",1
Cb,Fr 17:00,"[""cb_member_034"",""cb_member_031"",""cb_member_014"",""cb_member_011"",""cb_member_055"",""cb_member_021"",""cb_member_035"",""cb_member_074"",""cb_member_027"",""cb_member_045"",""cb_member_032"",""cb_member_052""]",2026-05-29 11:00:00,2026-05-29,false,false,12.0,"[""cb_member_062"",""cb_member_039""]",2
Cb,Fr 17:00,"[""cb_member_014"",""cb_member_065"",""cb_member_050"",""cb_member_034"",""cb_member_027""]",2026-05-29 17:00:00,2026-06-05,false,false,12.0,"[""cb_member_072""]",1
Cb,Fr 17:00,"[""cb_member_014"",""cb_member_065"",""cb_member_050"",""cb_member_034"",""cb_member_079"",""cb_member_040"",""cb_member_027""]",2026-05-31 05:00:00,2026-06-05,false,false,12.0,"[""cb_member_072""]",1
Cb,Fr 17:00,"[""cb_member_014"",""cb_member_065"",""cb_member_050"",""cb_member_034"",""cb_member_079"",""cb_member_040"",""cb_member_006"",""cb_member_027""]",2026-06-01 17:00:00,2026-06-05,false,false,12.0,[],0
Cb,Fr 17:00,"[""cb_member_014"",""cb_member_065"",""cb_member_050"",""cb_member_034"",""cb_member_079"",""cb_member_040"",""cb_member_006"",""cb_member_010""]",2026-06-02 17:00:00,2026-06-05,false,false,12.0,[],0
Cb,Fr 17:00,"[""cb_member_014"",""cb_member_065"",""cb_member_050"",""cb_member_034"",""cb_member_079"",""cb_member_040"",""cb_member_006"",""cb_member_010"",""cb_member_051"",""cb_member_026""]",2026-06-03 17:00:00,2026-06-05,false,false,12.0,"[""cb_member_053""]",1
Cb,Fr 17:00,"[""cb_member_014"",""cb_member_065"",""cb_member_050"",""cb_member_034"",""cb_member_079"",""cb_member_040"",""cb_member_006"",""cb_member_010"",""cb_member_051"",""cb_member_026"",""cb_member_019""]",2026-06-04 17:00:00,2026-06-05,false,false,12.0,"[""cb_member_053""]",1
Cb,Fr 17:00,"[""cb_member_014"",""cb_member_065"",""cb_member_050"",""cb_member_034"",""cb_member_079"",""cb_member_040"",""cb_member_006"",""cb_member_010"",""cb_member_051"",""cb_member_026"",""cb_member_019"",""cb_member_068""]",2026-06-05 11:00:00,2026-06-05,false,false,12.0,"[""cb_member_053"",""cb_member_056""]",2
Cb,Mi 16:00,"[""cb_member_023"",""cb_member_032"",""cb_member_070"",""cb_member_001"",""cb_member_017"",""cb_member_030""]",2025-12-31 16:00:00,2026-01-07,false,false,14.0,"[""cb_member_008""]",1
Cb,Mi 16:00,"[""cb_member_023"",""cb_member_032"",""cb_member_070"",""cb_member_001"",""cb_member_017"",""cb_member_027"",""cb_member_071"",""cb_member_030""]",2026-01-04 16:00:00,2026-01-07,false,false,14.0,"[""cb_member_008""]",1
Cb,Mi 16:00,"[""cb_member_023"",""cb_member_032"",""cb_member_070"",""cb_member_001"",""cb_member_017"",""cb_member_027"",""cb_member_071"",""cb_member_049"",""cb_member_013"",""cb_member_038""]",2026-01-05 16:00:00,2026-01-07,false,false,14.0,[],0
Cb,Mi 16:00,"[""cb_member_023"",""cb_member_032"",""cb_member_070"",""cb_member_001"",""cb_member_017"",""cb_member_027"",""cb_member_071"",""cb_member_049"",""cb_member_013"",""cb_member_038"",""cb_member_062"",""cb_member_036""]",2026-01-07 04:00:00,2026-01-07,false,false,14.0,"[""cb_member_006""]",1
Cb,Mi 16:00,"[""cb_member_023"",""cb_member_032"",""cb_member_070"",""cb_member_001"",""cb_member_017"",""cb_member_027"",""cb_member_071"",""cb_member_049"",""cb_member_013"",""cb_member_038"",""cb_member_062"",""cb_member_036"",""cb_member_048"",""cb_member_079""]",2026-01-07 10:00:00,2026-01-07,false,false,14.0,"[""cb_member_006""]",1
Cb,Mi 16:00,"[""cb_member_054"",""cb_member_024"",""cb_member_021"",""cb_member_072"",""cb_member_030"",""cb_member_043""]",2026-01-07 16:00:00,2026-01-14,false,false,14.0,"[""cb_member_048""]",1
Cb,Mi 16:00,"[""cb_member_054"",""cb_member_024"",""cb_member_021"",""cb_member_072"",""cb_member_030"",""cb_member_049"",""cb_member_065"",""cb_member_043""]",2026-01-09 04:00:00,2026-01-14,false,false,14.0,"[""cb_member_048""]",1
Cb,Mi 16:00,"[""cb_member_054"",""cb_member_024"",""cb_member_021"",""cb_member_072"",""cb_member_030"",""cb_member_049"",""cb_member_065"",""cb_member_032"",""cb_member_043""]",2026-01-10 16:00:00,2026-01-14,false,false,14.0,[],0
Cb,Mi 16:00,"[""cb_member_054"",""cb_member_024"",""cb_member_021"",""cb_member_072"",""cb_member_030"",""cb_member_049"",""cb_member_065"",""cb_member_032"",""cb_member_067"",""cb_member_070""]",2026-01-11 16:00:00,2026-01-14,false,false,14.0,[],0
Cb,Mi 16:00,"[""cb_member_054"",""cb_member_024"",""cb_member_021"",""cb_member_072"",""cb_member_030"",""cb_member_049"",""cb_member_065"",""cb_member_032"",""cb_member_067"",""cb_member_070"",""cb_member_037""]",2026-01-12 16:00:00,2026-01-14,false,false,14.0,[],0
Cb,Mi 16:00,"[""cb_member_054"",""cb_member_024"",""cb_member_021"",""cb_member_072"",""cb_member_030"",""cb_member_049"",""cb_member_065"",""cb_member_032"",""cb_member_067"",""cb_member_070"",""cb_member_037"",""cb_member_007"",""cb_member_060""]",2026-01-13 16:00:00,2026-01-14,false,false,14.0,[],0
Cb,Mi 16:00,"[""cb_member_054"",""cb_member_024"",""cb_member_021"",""cb_member_072"",""cb_member_030"",""cb_member_049"",""cb_member_065"",""cb_member_032"",""cb_member_067"",""cb_member_070"",""cb_member_037"",""cb_member_007"",""cb_member_060"",""cb_member_036""]",2026-01-14 10:00:00,2026-01-14,false,false,14.0,[],0
Cb,Mi 16:00,"[""cb_member_063"",""cb_member_006"",""cb_member_059"",""cb_member_046"",""cb_member_013"",""cb_member_052""]",2026-01-16 04:00:00,2026-01-21,false,false,14.0,"[""cb_member_014""]",1
Cb,Mi 16:00,"[""cb_member_063"",""cb_member_006"",""cb_member_059"",""cb_member_046"",""cb_member_013"",""cb_member_033"",""cb_member_070"",""cb_member_052""]",2026-01-18 16:00:00,2026-01-21,false,false,14.0,"[""cb_member_014""]",1
Cb,Mi 16:00,"[""cb_member_063"",""cb_member_006"",""cb_member_059"",""cb_member_046"",""cb_member_013"",""cb_member_033"",""cb_member_070"",""cb_member_065"",""cb_member_018"",""cb_member_007""]",2026-01-19 16:00:00,2026-01-21,false,false,14.0,"[""cb_member_017""]",1
Cb,Mi 16:00,"[""cb_member_063"",""cb_member_006"",""cb_member_059"",""cb_member_046"",""cb_member_013"",""cb_member_033"",""cb_member_070"",""cb_member_065"",""cb_member_018"",""cb_member_007"",""cb_member_027"",""cb_member_053""]",2026-01-21 04:00:00,2026-01-21,false,false,14.0,"[""cb_member_017"",""cb_member_039""]",2
Cb,Mi 16:00,"[""cb_member_063"",""cb_member_006"",""cb_member_059"",""cb_member_046"",""cb_member_013"",""cb_member_033"",""cb_member_070"",""cb_member_065"",""cb_member_018"",""cb_member_007"",""cb_member_027"",""cb_member_053"",""cb_member_030"",""cb_member_054""]",2026-01-21 10:00:00,2026-01-21,false,false,14.0,"[""cb_member_017""]",1
Cb,Mi 16:00,"[""cb_member_042"",""cb_member_011"",""cb_member_008"",""cb_member_030"",""cb_member_060"",""cb_member_013""]",2026-01-21 16:00:00,2026-01-28,false,false,14.0,"[""cb_member_020""]",1
Cb,Mi 16:00,"[""cb_member_042"",""cb_member_011"",""cb_member_008"",""cb_member_030"",""cb_member_060"",""cb_member_052"",""cb_member_059"",""cb_member_013""]",2026-01-24 16:00:00,2026-01-28,false,false,14.0,"[""cb_member_020""]",1
Cb,Mi 16:00,"[""cb_member_042"",""cb_member_011"",""cb_member_008"",""cb_member_030"",""cb_member_060"",""cb_member_052"",""cb_member_059"",""cb_member_069"",""cb_member_009"",""cb_member_067""]",2026-01-27 16:00:00,2026-01-28,false,false,14.0,[],0
Cb,Mi 16:00,"[""cb_member_042"",""cb_member_011"",""cb_member_008"",""cb_member_030"",""cb_member_060"",""cb_member_052"",""cb_member_059"",""cb_member_069"",""cb_member_009"",""cb_member_067"",""cb_member_006"",""cb_member_051""]",2026-01-28 04:00:00,2026-01-28,false,false,14.0,"[""cb_member_043""]",1
Cb,Mi 16:00,"[""cb_member_042"",""cb_member_011"",""cb_member_008"",""cb_member_030"",""cb_member_060"",""cb_member_052"",""cb_member_059"",""cb_member_069"",""cb_member_009"",""cb_member_067"",""cb_member_006"",""cb_member_051"",""cb_member_068"",""cb_member_032""]",2026-01-28 10:00:00,2026-01-28,false,false,14.0,"[""cb_member_043"",""cb_member_037""]",2
Cb,Mi 16:00,"[""cb_member_075"",""cb_member_021"",""cb_member_052"",""cb_member_013"",""cb_member_028"",""cb_member_066""]",2026-01-28 16:00:00,2026-02-04,false,false,14.0,"[""cb_member_042""]",1
Cb,Mi 16:00,"[""cb_member_075"",""cb_member_021"",""cb_member_052"",""cb_member_013"",""cb_member_028"",""cb_member_029"",""cb_member_031"",""cb_member_066""]",2026-02-01 16:00:00,2026-02-04,false,false,14.0,"[""cb_member_042""]",1
Cb,Mi 16:00,"[""cb_member_075"",""cb_member_021"",""cb_member_052"",""cb_member_013"",""cb_member_028"",""cb_member_029"",""cb_member_031"",""cb_member_057"",""cb_member_050"",""cb_member_065""]",2026-02-02 16:00:00,2026-02-04,false,false,14.0,"[""cb_member_016""]",1
Cb,Mi 16:00,"[""cb_member_075"",""cb_member_021"",""cb_member_052"",""cb_member_013"",""cb_member_028"",""cb_member_029"",""cb_member_031"",""cb_member_057"",""cb_member_050"",""cb_member_065"",""cb_member_078"",""cb_member_001""]",2026-02-03 16:00:00,2026-02-04,false,false,14.0,"[""cb_member_016"",""cb_member_067""]",2
Cb,Mi 16:00,"[""cb_member_075"",""cb_member_021"",""cb_member_052"",""cb_member_013"",""cb_member_028"",""cb_member_029"",""cb_member_031"",""cb_member_057"",""cb_member_050"",""cb_member_065"",""cb_member_078"",""cb_member_001"",""cb_member_039""]",2026-02-04 10:00:00,2026-02-04,false,false,14.0,"[""cb_member_016"",""cb_member_067"",""cb_member_020"",""cb_member_026""]",4
Cb,Mi 16:00,"[""cb_member_040"",""cb_member_045"",""cb_member_075"",""cb_member_002"",""cb_member_028"",""cb_member_047""]",2026-02-04 16:00:00,2026-02-11,false,false,14.0,"[""cb_member_003""]",1
Cb,Mi 16:00,"[""cb_member_040"",""cb_member_045"",""cb_member_075"",""cb_member_002"",""cb_member_028"",""cb_member_062"",""cb_member_037"",""cb_member_047""]",2026-02-06 04:00:00,2026-02-11,false,false,14.0,"[""cb_member_003""]",1
Cb,Mi 16:00,"[""cb_member_040"",""cb_member_045"",""cb_member_075"",""cb_member_002"",""cb_member_028"",""cb_member_062"",""cb_member_037"",""cb_member_026"",""cb_member_030"",""cb_member_047""]",2026-02-07 16:00:00,2026-02-11,false,false,14.0,[],0
Cb,Mi 16:00,"[""cb_member_040"",""cb_member_045"",""cb_member_075"",""cb_member_002"",""cb_member_028"",""cb_member_062"",""cb_member_037"",""cb_member_026"",""cb_member_030"",""cb_member_039"",""cb_member_068""]",2026-02-08 16:00:00,2026-02-11,false,false,14.0,"[""cb_member_009""]",1
Cb,Mi 16:00,"[""cb_member_040"",""cb_member_045"",""cb_member_075"",""cb_member_002"",""cb_member_028"",""cb_member_062"",""cb_member_037"",""cb_member_026"",""cb_member_030"",""cb_member_039"",""cb_member_068"",""cb_member_041"",""cb_member_076""]",2026-02-09 16:00:00,2026-02-11,false,false,14.0,"[""cb_member_009"",""cb_member_014""]",2
Cb,Mi 16:00,"[""cb_member_040"",""cb_member_045"",""cb_member_075"",""cb_member_002"",""cb_member_028"",""cb_member_062"",""cb_member_037"",""cb_member_026"",""cb_member_030"",""cb_member_039"",""cb_member_068"",""cb_member_041"",""cb_member_076"",""cb_member_071""]",2026-02-11 04:00:00,2026-02-11,false,false,14.0,"[""cb_member_009"",""cb_member_014"",""cb_member_050""]",3
Cb,Mi 16:00,"[""cb_member_033"",""cb_member_036"",""cb_member_038"",""cb_member_028"",""cb_member_031""]",2026-02-11 16:00:00,2026-02-18,false,true,14.0,"[""cb_member_002""]",1
Cb,Mi 16:00,"[""cb_member_033"",""cb_member_036"",""cb_member_038"",""cb_member_028"",""cb_member_008"",""cb_member_031""]",2026-02-14 16:00:00,2026-02-18,false,true,14.0,"[""cb_member_002""]",1
Cb,Mi 16:00,"[""cb_member_033"",""cb_member_036"",""cb_member_038"",""cb_member_028"",""cb_member_008"",""cb_member_046"",""cb_member_031""]",2026-02-15 16:00:00,2026-02-18,false,true,14.0,[],0
Cb,Mi 16:00,"[""cb_member_033"",""cb_member_036"",""cb_member_038"",""cb_member_028"",""cb_member_008"",""cb_member_046"",""cb_member_014"",""cb_member_062""]",2026-02-16 16:00:00,2026-02-18,false,true,14.0,"[""cb_member_077""]",1
Cb,Mi 16:00,"[""cb_member_033"",""cb_member_036"",""cb_member_038"",""cb_member_028"",""cb_member_008"",""cb_member_046"",""cb_member_014"",""cb_member_062"",""cb_member_020""]",2026-02-17 16:00:00,2026-02-18,false,true,14.0,"[""cb_member_077""]",1
Cb,Mi 16:00,"[""cb_member_033"",""cb_member_036"",""cb_member_038"",""cb_member_028"",""cb_member_008"",""cb_member_046"",""cb_member_014"",""cb_member_062"",""cb_member_020"",""cb_member_060""]",2026-02-18 16:00:00,2026-02-18,false,true,14.0,"[""cb_member_077"",""cb_member_072""]",2
Cb,Mi 16:00,"[""cb_member_065"",""cb_member_060"",""cb_member_067"",""cb_member_024"",""cb_member_056"",""cb_member_037""]",2026-02-18 16:00:00,2026-02-25,false,false,14.0,"[""cb_member_058""]",1
Cb,Mi 16:00,"[""cb_member_065"",""cb_member_060"",""cb_member_067"",""cb_member_024"",""cb_member_056"",""cb_member_040"",""cb_member_015"",""cb_member_037""]",2026-02-21 16:00:00,2026-02-25,false,false,14.0,"[""cb_member_058""]",1
Cb,Mi 16:00,"[""cb_member_065"",""cb_member_060"",""cb_member_067"",""cb_member_024"",""cb_member_056"",""cb_member_040"",""cb_member_015"",""cb_member_068"",""cb_member_037""]",2026-02-22 16:00:00,2026-02-25,false,false,14.0,[],0
Cb,Mi 16:00,"[""cb_member_065"",""cb_member_060"",""cb_member_067"",""cb_member_024"",""cb_member_056"",""cb_member_040"",""cb_member_015"",""cb_member_068"",""cb_member_019"",""cb_member_047""]",2026-02-23 16:00:00,2026-02-25,false,false,14.0,[],0
Cb,Mi 16:00,"[""cb_member_065"",""cb_member_060"",""cb_member_067"",""cb_member_024"",""cb_member_056"",""cb_member_040"",""cb_member_015"",""cb_member_068"",""cb_member_019"",""cb_member_047"",""cb_member_001""]",2026-02-24 16:00:00,2026-02-25,false,false,14.0,"[""cb_member_020""]",1
Cb,Mi 16:00,"[""cb_member_065"",""cb_member_060"",""cb_member_067"",""cb_member_024"",""cb_member_056"",""cb_member_040"",""cb_member_015"",""cb_member_068"",""cb_member_019"",""cb_member_047"",""cb_member_001"",""cb_member_080"",""cb_member_016""]",2026-02-25 04:00:00,2026-02-25,false,false,14.0,"[""cb_member_020""]",1
Cb,Mi 16:00,"[""cb_member_065"",""cb_member_060"",""cb_member_067"",""cb_member_024"",""cb_member_056"",""cb_member_040"",""cb_member_015"",""cb_member_068"",""cb_member_019"",""cb_member_047"",""cb_member_001"",""cb_member_080"",""cb_member_016"",""cb_member_043""]",2026-02-25 10:00:00,2026-02-25,false,false,14.0,"[""cb_member_020"",""cb_member_025""]",2
Cb,Mi 16:00,"[""cb_member_023"",""cb_member_059"",""cb_member_043"",""cb_member_024"",""cb_member_065"",""cb_member_078""]",2026-02-25 16:00:00,2026-03-04,false,false,14.0,"[""cb_member_005""]",1
Cb,Mi 16:00,"[""cb_member_023"",""cb_member_059"",""cb_member_043"",""cb_member_024"",""cb_member_065"",""cb_member_079"",""cb_member_020"",""cb_member_078""]",2026-02-27 04:00:00,2026-03-04,false,false,14.0,"[""cb_member_005""]",1
Cb,Mi 16:00,"[""cb_member_023"",""cb_member_059"",""cb_member_043"",""cb_member_024"",""cb_member_065"",""cb_member_079"",""cb_member_020"",""cb_member_076"",""cb_member_045"",""cb_member_078""]",2026-03-01 16:00:00,2026-03-04,false,false,14.0,[],0
Cb,Mi 16:00,"[""cb_member_023"",""cb_member_059"",""cb_member_043"",""cb_member_024"",""cb_member_065"",""cb_member_079"",""cb_member_020"",""cb_member_076"",""cb_member_045"",""cb_member_035"",""cb_member_063""]",2026-03-02 16:00:00,2026-03-04,false,false,14.0,"[""cb_member_004""]",1
Cb,Mi 16:00,"[""cb_member_023"",""cb_member_059"",""cb_member_043"",""cb_member_024"",""cb_member_065"",""cb_member_079"",""cb_member_020"",""cb_member_076"",""cb_member_045"",""cb_member_035"",""cb_member_063"",""cb_member_029"",""cb_member_003""]",2026-03-03 16:00:00,2026-03-04,false,false,14.0,"[""cb_member_004""]",1
Cb,Mi 16:00,"[""cb_member_023"",""cb_member_059"",""cb_member_043"",""cb_member_024"",""cb_member_065"",""cb_member_079"",""cb_member_020"",""cb_member_076"",""cb_member_045"",""cb_member_035"",""cb_member_063"",""cb_member_029"",""cb_member_003"",""cb_member_013""]",2026-03-04 10:00:00,2026-03-04,false,false,14.0,"[""cb_member_004"",""cb_member_056""]",2
Cb,Mi 16:00,"[""cb_member_051"",""cb_member_038"",""cb_member_058"",""cb_member_040"",""cb_member_020"",""cb_member_022""]",2026-03-04 16:00:00,2026-03-11,false,false,14.0,"[""cb_member_047""]",1
Cb,Mi 16:00,"[""cb_member_051"",""cb_member_038"",""cb_member_058"",""cb_member_040"",""cb_member_020"",""cb_member_006"",""cb_member_026"",""cb_member_022""]",2026-03-06 04:00:00,2026-03-11,false,false,14.0,"[""cb_member_047""]",1
Cb,Mi 16:00,"[""cb_member_051"",""cb_member_038"",""cb_member_058"",""cb_member_040"",""cb_member_020"",""cb_member_006"",""cb_member_026"",""cb_member_015"",""cb_member_022""]",2026-03-08 16:00:00,2026-03-11,false,false,14.0,[],0
Cb,Mi 16:00,"[""cb_member_051"",""cb_member_038"",""cb_member_058"",""cb_member_040"",""cb_member_020"",""cb_member_006"",""cb_member_026"",""cb_member_015"",""cb_member_010"",""cb_member_077""]",2026-03-09 16:00:00,2026-03-11,false,false,14.0,[],0
Cb,Mi 16:00,"[""cb_member_051"",""cb_member_038"",""cb_member_058"",""cb_member_040"",""cb_member_020"",""cb_member_006"",""cb_member_026"",""cb_member_015"",""cb_member_010"",""cb_member_077"",""cb_member_045""]",2026-03-10 16:00:00,2026-03-11,false,false,14.0,[],0
Cb,Mi 16:00,"[""cb_member_051"",""cb_member_038"",""cb_member_058"",""cb_member_040"",""cb_member_020"",""cb_member_006"",""cb_member_026"",""cb_member_015"",""cb_member_010"",""cb_member_077"",""cb_member_045"",""cb_member_007"",""cb_member_012""]",2026-03-11 10:00:00,2026-03-11,false,false,14.0,"[""cb_member_030""]",1
Cb,Mi 16:00,"[""cb_member_051"",""cb_member_038"",""cb_member_058"",""cb_member_040"",""cb_member_020"",""cb_member_006"",""cb_member_026"",""cb_member_015"",""cb_member_010"",""cb_member_077"",""cb_member_045"",""cb_member_007"",""cb_member_012"",""cb_member_043""]",2026-03-11 18:00:00,2026-03-11,false,false,14.0,"[""cb_member_030""]",1
Cb,Mi 16:00,"[""cb_member_054"",""cb_member_067"",""cb_member_028"",""cb_member_025"",""cb_member_033"",""cb_member_007""]",2026-03-11 16:00:00,2026-03-18,false,false,14.0,"[""cb_member_005""]",1
Cb,Mi 16:00,"[""cb_member_054"",""cb_member_067"",""cb_member_028"",""cb_member_025"",""cb_member_033"",""cb_member_034"",""cb_member_007""]",2026-03-14 16:00:00,2026-03-18,false,false,14.0,"[""cb_member_005""]",1
Cb,Mi 16:00,"[""cb_member_054"",""cb_member_067"",""cb_member_028"",""cb_member_025"",""cb_member_033"",""cb_member_034"",""cb_member_060"",""cb_member_080"",""cb_member_007""]",2026-03-15 16:00:00,2026-03-18,false,false,14.0,[],0
Cb,Mi 16:00,"[""cb_member_054"",""cb_member_067"",""cb_member_028"",""cb_member_025"",""cb_member_033"",""cb_member_034"",""cb_member_060"",""cb_member_080"",""cb_member_041"",""cb_member_038""]",2026-03-16 16:00:00,2026-03-18,false,false,14.0,[],0
Cb,Mi 16:00,"[""cb_member_054"",""cb_member_067"",""cb_member_028"",""cb_member_025"",""cb_member_033"",""cb_member_034"",""cb_member_060"",""cb_member_080"",""cb_member_041"",""cb_member_038"",""cb_member_072"",""cb_member_042""]",2026-03-17 16:00:00,2026-03-18,false,false,14.0,"[""cb_member_056""]",1
Cb,Mi 16:00,"[""cb_member_054"",""cb_member_067"",""cb_member_028"",""cb_member_025"",""cb_member_033"",""cb_member_034"",""cb_member_060"",""cb_member_080"",""cb_member_041"",""cb_member_038"",""cb_member_072"",""cb_member_042"",""cb_member_015""]",2026-03-18 04:00:00,2026-03-18,false,false,14.0,"[""cb_member_056""]",1
Cb,Mi 16:00,"[""cb_member_080"",""cb_member_010"",""cb_member_026"",""cb_member_076"",""cb_member_079"",""cb_member_062""]",2026-03-18 16:00:00,2026-03-25,false,false,14.0,"[""cb_member_031""]",1
Cb,Mi 16:00,"[""cb_member_080"",""cb_member_010"",""cb_member_026"",""cb_member_076"",""cb_member_079"",""cb_member_014"",""cb_member_040"",""cb_member_062""]",2026-03-20 04:00:00,2026-03-25,false,false,14.0,"[""cb_member_031""]",1
Cb,Mi 16:00,"[""cb_member_080"",""cb_member_010"",""cb_member_026"",""cb_member_076"",""cb_member_079"",""cb_member_014"",""cb_member_040"",""cb_member_006"",""cb_member_018"",""cb_member_043""]",2026-03-23 16:00:00,2026-03-25,false,false,14.0,[],0
Cb,Mi 16:00,"[""cb_member_080"",""cb_member_010"",""cb_member_026"",""cb_member_076"",""cb_member_079"",""cb_member_014"",""cb_member_040"",""cb_member_006"",""cb_member_018"",""cb_member_043"",""cb_member_036"",""cb_member_005""]",2026-03-24 16:00:00,2026-03-25,false,false,14.0,"[""cb_member_050""]",1
Cb,Mi 16:00,"[""cb_member_080"",""cb_member_010"",""cb_member_026"",""cb_member_076"",""cb_member_079"",""cb_member_014"",""cb_member_040"",""cb_member_006"",""cb_member_018"",""cb_member_043"",""cb_member_036"",""cb_member_005"",""cb_member_007"",""cb_member_008""]",2026-03-25 10:00:00,2026-03-25,false,false,14.0,"[""cb_member_050"",""cb_member_029""]",2
Cb,Mi 16:00,"[""cb_member_032"",""cb_member_013"",""cb_member_014"",""cb_member_010"",""cb_member_046""]",2026-03-25 16:00:00,2026-04-01,false,true,14.0,"[""cb_member_006""]",1
Cb,Mi 16:00,"[""cb_member_032"",""cb_member_013"",""cb_member_014"",""cb_member_010"",""cb_member_068"",""cb_member_020"",""cb_member_046""]",2026-03-28 16:00:00,2026-04-01,false,true,14.0,"[""cb_member_006""]",1
Cb,Mi 16:00,"[""cb_member_032"",""cb_member_013"",""cb_member_014"",""cb_member_010"",""cb_member_068"",""cb_member_020"",""cb_member_059"",""cb_member_046""]",2026-03-29 16:00:00,2026-04-01,false,true,14.0,[],0
Cb,Mi 16:00,"[""cb_member_032"",""cb_member_013"",""cb_member_014"",""cb_member_010"",""cb_member_068"",""cb_member_020"",""cb_member_059"",""cb_member_052""]",2026-03-30 16:00:00,2026-04-01,false,true,14.0,[],0
Cb,Mi 16:00,"[""cb_member_032"",""cb_member_013"",""cb_member_014"",""cb_member_010"",""cb_member_068"",""cb_member_020"",""cb_member_059"",""cb_member_052"",""cb_member_022"",""cb_member_048""]",2026-03-31 16:00:00,2026-04-01,false,true,14.0,[],0
Cb,Mi 16:00,"[""cb_member_032"",""cb_member_013"",""cb_member_014"",""cb_member_010"",""cb_member_068"",""cb_member_020"",""cb_member_059"",""cb_member_052"",""cb_member_022"",""cb_member_048"",""cb_member_051""]",2026-04-01 04:00:00,2026-04-01,false,true,14.0,[],0
Cb,Mi 16:00,"[""cb_member_032"",""cb_member_013"",""cb_member_014"",""cb_member_010"",""cb_member_068"",""cb_member_020"",""cb_member_059"",""cb_member_052"",""cb_member_022"",""cb_member_048"",""cb_member_051"",""cb_member_064""]",2026-04-01 10:00:00,2026-04-01,false,true,14.0,[],0
Cb,Mi 16:00,"[""cb_member_044"",""cb_member_053"",""cb_member_009"",""cb_member_036"",""cb_member_048"",""cb_member_005""]",2026-04-01 16:00:00,2026-04-08,false,false,14.0,"[""cb_member_011""]",1
Cb,Mi 16:00,"[""cb_member_044"",""cb_member_053"",""cb_member_009"",""cb_member_036"",""cb_member_048"",""cb_member_058"",""cb_member_027"",""cb_member_005""]",2026-04-03 04:00:00,2026-04-08,false,false,14.0,"[""cb_member_011""]",1
Cb,Mi 16:00,"[""cb_member_044"",""cb_member_053"",""cb_member_009"",""cb_member_036"",""cb_member_048"",""cb_member_058"",""cb_member_027"",""cb_member_075"",""cb_member_005""]",2026-04-04 16:00:00,2026-04-08,false,false,14.0,[],0
Cb,Mi 16:00,"[""cb_member_044"",""cb_member_053"",""cb_member_009"",""cb_member_036"",""cb_member_048"",""cb_member_058"",""cb_member_027"",""cb_member_075"",""cb_member_079"",""cb_member_033""]",2026-04-06 16:00:00,2026-04-08,false,false,14.0,[],0
Cb,Mi 16:00,"[""cb_member_044"",""cb_member_053"",""cb_member_009"",""cb_member_036"",""cb_member_048"",""cb_member_058"",""cb_member_027"",""cb_member_075"",""cb_member_079"",""cb_member_033"",""cb_member_028""]",2026-04-07 16:00:00,2026-04-08,false,false,14.0,[],0
Cb,Mi 16:00,"[""cb_member_044"",""cb_member_053"",""cb_member_009"",""cb_member_036"",""cb_member_048"",""cb_member_058"",""cb_member_027"",""cb_member_075"",""cb_member_079"",""cb_member_033"",""cb_member_028"",""cb_member_001"",""cb_member_072""]",2026-04-08 04:00:00,2026-04-08,false,false,14.0,[],0
Cb,Mi 16:00,"[""cb_member_044"",""cb_member_053"",""cb_member_009"",""cb_member_036"",""cb_member_048"",""cb_member_058"",""cb_member_027"",""cb_member_075"",""cb_member_079"",""cb_member_033"",""cb_member_028"",""cb_member_001"",""cb_member_072"",""cb_member_037""]",2026-04-08 10:00:00,2026-04-08,false,false,14.0,[],0
Cb,Mi 16:00,"[""cb_member_005"",""cb_member_014"",""cb_member_077"",""cb_member_064"",""cb_member_006"",""cb_member_011""]",2026-04-08 16:00:00,2026-04-15,false,false,14.0,"[""cb_member_052""]",1
Cb,Mi 16:00,"[""cb_member_005"",""cb_member_014"",""cb_member_077"",""cb_member_064"",""cb_member_006"",""cb_member_056"",""cb_member_051"",""cb_member_011""]",2026-04-10 04:00:00,2026-04-15,false,false,14.0,"[""cb_member_052""]",1
Cb,Mi 16:00,"[""cb_member_005"",""cb_member_014"",""cb_member_077"",""cb_member_064"",""cb_member_006"",""cb_member_056"",""cb_member_051"",""cb_member_047"",""cb_member_011""]",2026-04-11 16:00:00,2026-04-15,false,false,14.0,[],0
Cb,Mi 16:00,"[""cb_member_005"",""cb_member_014"",""cb_member_077"",""cb_member_064"",""cb_member_006"",""cb_member_056"",""cb_member_051"",""cb_member_047"",""cb_member_041"",""cb_member_020""]",2026-04-13 16:00:00,2026-04-15,false,false,14.0,[],0
Cb,Mi 16:00,"[""cb_member_005"",""cb_member_014"",""cb_member_077"",""cb_member_064"",""cb_member_006"",""cb_member_056"",""cb_member_051"",""cb_member_047"",""cb_member_041"",""cb_member_020"",""cb_member_013""]",2026-04-14 16:00:00,2026-04-15,false,false,14.0,"[""cb_member_012""]",1
Cb,Mi 16:00,"[""cb_member_005"",""cb_member_014"",""cb_member_077"",""cb_member_064"",""cb_member_006"",""cb_member_056"",""cb_member_051"",""cb_member_047"",""cb_member_041"",""cb_member_020"",""cb_member_013"",""cb_member_057"",""cb_member_024""]",2026-04-15 04:00:00,2026-04-15,false,false,14.0,"[""cb_member_012""]",1
Cb,Mi 16:00,"[""cb_member_005"",""cb_member_014"",""cb_member_077"",""cb_member_064"",""cb_member_006"",""cb_member_056"",""cb_member_051"",""cb_member_047"",""cb_member_041"",""cb_member_020"",""cb_member_013"",""cb_member_057"",""cb_member_024"",""cb_member_043""]",2026-04-15 10:00:00,2026-04-15,false,false,14.0,"[""cb_member_012"",""cb_member_027""]",2
Cb,Mi 16:00,"[""cb_member_041"",""cb_member_013"",""cb_member_076"",""cb_member_035"",""cb_member_009"",""cb_member_039""]",2026-04-15 16:00:00,2026-04-22,false,false,14.0,"[""cb_member_029""]",1
Cb,Mi 16:00,"[""cb_member_041"",""cb_member_013"",""cb_member_076"",""cb_member_035"",""cb_member_009"",""cb_member_058"",""cb_member_077"",""cb_member_039""]",2026-04-18 16:00:00,2026-04-22,false,false,14.0,"[""cb_member_029""]",1
Cb,Mi 16:00,"[""cb_member_041"",""cb_member_013"",""cb_member_076"",""cb_member_035"",""cb_member_009"",""cb_member_058"",""cb_member_077"",""cb_member_026"",""cb_member_025"",""cb_member_011""]",2026-04-19 16:00:00,2026-04-22,false,false,14.0,[],0
Cb,Mi 16:00,"[""cb_member_041"",""cb_member_013"",""cb_member_076"",""cb_member_035"",""cb_member_009"",""cb_member_058"",""cb_member_077"",""cb_member_026"",""cb_member_025"",""cb_member_011"",""cb_member_020"",""cb_member_075""]",2026-04-20 16:00:00,2026-04-22,false,false,14.0,"[""cb_member_080""]",1
Cb,Mi 16:00,"[""cb_member_041"",""cb_member_013"",""cb_member_076"",""cb_member_035"",""cb_member_009"",""cb_member_058"",""cb_member_077"",""cb_member_026"",""cb_member_025"",""cb_member_011"",""cb_member_020"",""cb_member_075"",""cb_member_053"",""cb_member_033""]",2026-04-21 16:00:00,2026-04-22,false,false,14.0,"[""cb_member_080"",""cb_member_031""]",2
Cb,Mi 16:00,"[""cb_member_047"",""cb_member_060"",""cb_member_066"",""cb_member_049"",""cb_member_005""]",2026-04-22 16:00:00,2026-04-29,false,true,14.0,"[""cb_member_075""]",1
Cb,Mi 16:00,"[""cb_member_047"",""cb_member_060"",""cb_member_066"",""cb_member_049"",""cb_member_058"",""cb_member_005""]",2026-04-24 04:00:00,2026-04-29,false,true,14.0,"[""cb_member_075""]",1
Cb,Mi 16:00,"[""cb_member_047"",""cb_member_060"",""cb_member_066"",""cb_member_049"",""cb_member_058"",""cb_member_056"",""cb_member_005""]",2026-04-25 16:00:00,2026-04-29,false,true,14.0,[],0
Cb,Mi 16:00,"[""cb_member_047"",""cb_member_060"",""cb_member_066"",""cb_member_049"",""cb_member_058"",""cb_member_056"",""cb_member_006"",""cb_member_073""]",2026-04-26 16:00:00,2026-04-29,false,true,14.0,[],0
Cb,Mi 16:00,"[""cb_member_047"",""cb_member_060"",""cb_member_066"",""cb_member_049"",""cb_member_058"",""cb_member_056"",""cb_member_006"",""cb_member_073"",""cb_member_021""]",2026-04-27 16:00:00,2026-04-29,false,true,14.0,[],0
Cb,Mi 16:00,"[""cb_member_047"",""cb_member_060"",""cb_member_066"",""cb_member_049"",""cb_member_058"",""cb_member_056"",""cb_member_006"",""cb_member_073"",""cb_member_021"",""cb_member_020""]",2026-04-28 16:00:00,2026-04-29,false,true,14.0,[],0
Cb,Mi 16:00,"[""cb_member_047"",""cb_member_060"",""cb_member_066"",""cb_member_049"",""cb_member_058"",""cb_member_056"",""cb_member_006"",""cb_member_073"",""cb_member_021"",""cb_member_020"",""cb_member_013""]",2026-04-29 10:00:00,2026-04-29,false,true,14.0,[],0
Cb,Mi 16:00,"[""cb_member_004"",""cb_member_011"",""cb_member_015"",""cb_member_028"",""cb_member_055"",""cb_member_066""]",2026-04-29 16:00:00,2026-05-06,false,false,14.0,"[""cb_member_062""]",1
Cb,Mi 16:00,"[""cb_member_004"",""cb_member_011"",""cb_member_015"",""cb_member_028"",""cb_member_055"",""cb_member_024"",""cb_member_022"",""cb_member_066""]",2026-05-02 16:00:00,2026-05-06,false,false,14.0,"[""cb_member_062""]",1
Cb,Mi 16:00,"[""cb_member_004"",""cb_member_011"",""cb_member_015"",""cb_member_028"",""cb_member_055"",""cb_member_024"",""cb_member_022"",""cb_member_006"",""cb_member_066""]",2026-05-03 16:00:00,2026-05-06,false,false,14.0,[],0
Cb,Mi 16:00,"[""cb_member_004"",""cb_member_011"",""cb_member_015"",""cb_member_028"",""cb_member_055"",""cb_member_024"",""cb_member_022"",""cb_member_006"",""cb_member_050"",""cb_member_033""]",2026-05-04 16:00:00,2026-05-06,false,false,14.0,"[""cb_member_053""]",1
Cb,Mi 16:00,"[""cb_member_004"",""cb_member_011"",""cb_member_015"",""cb_member_028"",""cb_member_055"",""cb_member_024"",""cb_member_022"",""cb_member_006"",""cb_member_050"",""cb_member_033"",""cb_member_002""]",2026-05-05 16:00:00,2026-05-06,false,false,14.0,"[""cb_member_053""]",1
Cb,Mi 16:00,"[""cb_member_004"",""cb_member_011"",""cb_member_015"",""cb_member_028"",""cb_member_055"",""cb_member_024"",""cb_member_022"",""cb_member_006"",""cb_member_050"",""cb_member_033"",""cb_member_002"",""cb_member_078"",""cb_member_046""]",2026-05-06 04:00:00,2026-05-06,false,false,14.0,"[""cb_member_053"",""cb_member_035""]",2
Cb,Mi 16:00,"[""cb_member_004"",""cb_member_011"",""cb_member_015"",""cb_member_028"",""cb_member_055"",""cb_member_024"",""cb_member_022"",""cb_member_006"",""cb_member_050"",""cb_member_033"",""cb_member_002"",""cb_member_078"",""cb_member_046"",""cb_member_005""]",2026-05-06 10:00:00,2026-05-06,false,false,14.0,"[""cb_member_053"",""cb_member_035"",""cb_member_020""]",3
Cb,Mi 16:00,"[""cb_member_036"",""cb_member_027"",""cb_member_043"",""cb_member_042"",""cb_member_030"",""cb_member_021""]",2026-05-08 04:00:00,2026-05-13,false,false,14.0,"[""cb_member_002""]",1
Cb,Mi 16:00,"[""cb_member_036"",""cb_member_027"",""cb_member_043"",""cb_member_042"",""cb_member_030"",""cb_member_022"",""cb_member_048"",""cb_member_021""]",2026-05-09 16:00:00,2026-05-13,false,false,14.0,"[""cb_member_002""]",1
Cb,Mi 16:00,"[""cb_member_036"",""cb_member_027"",""cb_member_043"",""cb_member_042"",""cb_member_030"",""cb_member_022"",""cb_member_048"",""cb_member_047"",""cb_member_074"",""cb_member_021""]",2026-05-10 16:00:00,2026-05-13,false,false,14.0,[],0
Cb,Mi 16:00,"[""cb_member_036"",""cb_member_027"",""cb_member_043"",""cb_member_042"",""cb_member_030"",""cb_member_022"",""cb_member_048"",""cb_member_047"",""cb_member_074"",""cb_member_014"",""cb_member_015""]",2026-05-11 16:00:00,2026-05-13,false,false,14.0,[],0
Cb,Mi 16:00,"[""cb_member_036"",""cb_member_027"",""cb_member_043"",""cb_member_042"",""cb_member_030"",""cb_member_022"",""cb_member_048"",""cb_member_047"",""cb_member_074"",""cb_member_014"",""cb_member_015"",""cb_member_064"",""cb_member_008""]",2026-05-13 04:00:00,2026-05-13,false,false,14.0,[],0
Cb,Mi 16:00,"[""cb_member_036"",""cb_member_027"",""cb_member_043"",""cb_member_042"",""cb_member_030"",""cb_member_022"",""cb_member_048"",""cb_member_047"",""cb_member_074"",""cb_member_014"",""cb_member_015"",""cb_member_064"",""cb_member_008""]",2026-05-13 10:00:00,2026-05-13,false,false,14.0,[],0
Cb,Mi 16:00,"[""cb_member_074"",""cb_member_076"",""cb_member_029"",""cb_member_001"",""cb_member_018"",""cb_member_064""]",2026-05-15 04:00:00,2026-05-20,false,false,14.0,"[""cb_member_003""]",1
Cb,Mi 16:00,"[""cb_member_074"",""cb_member_076"",""cb_member_029"",""cb_member_001"",""cb_member_018"",""cb_member_080"",""cb_member_031"",""cb_member_064""]",2026-05-17 16:00:00,2026-05-20,false,false,14.0,"[""cb_member_003""]",1
Cb,Mi 16:00,"[""cb_member_074"",""cb_member_076"",""cb_member_029"",""cb_member_001"",""cb_member_018"",""cb_member_080"",""cb_member_031"",""cb_member_051"",""cb_member_079"",""cb_member_064""]",2026-05-18 16:00:00,2026-05-20,false,false,14.0,[],0
Cb,Mi 16:00,"[""cb_member_074"",""cb_member_076"",""cb_member_029"",""cb_member_001"",""cb_member_018"",""cb_member_080"",""cb_member_031"",""cb_member_051"",""cb_member_079"",""cb_member_068"",""cb_member_017""]",2026-05-19 16:00:00,2026-05-20,false,false,14.0,"[""cb_member_047""]",1
Cb,Mi 16:00,"[""cb_member_074"",""cb_member_076"",""cb_member_029"",""cb_member_001"",""cb_member_018"",""cb_member_080"",""cb_member_031"",""cb_member_051"",""cb_member_079"",""cb_member_068"",""cb_member_017"",""cb_member_026"",""cb_member_007""]",2026-05-20 04:00:00,2026-05-20,false,false,14.0,"[""cb_member_047"",""cb_member_023""]",2
Cb,Mi 16:00,"[""cb_member_074"",""cb_member_076"",""cb_member_029"",""cb_member_001"",""cb_member_018"",""cb_member_080"",""cb_member_031"",""cb_member_051"",""cb_member_079"",""cb_member_068"",""cb_member_017"",""cb_member_026"",""cb_member_007"",""cb_member_046""]",2026-05-20 10:00:00,2026-05-20,false,false,14.0,"[""cb_member_047""]",1
Cb,Mi 16:00,"[""cb_member_046"",""cb_member_003"",""cb_member_006"",""cb_member_065"",""cb_member_038"",""cb_member_012""]",2026-05-20 16:00:00,2026-05-27,false,false,14.0,"[""cb_member_078""]",1
Cb,Mi 16:00,"[""cb_member_046"",""cb_member_003"",""cb_member_006"",""cb_member_065"",""cb_member_038"",""cb_member_057"",""cb_member_066"",""cb_member_012""]",2026-05-22 04:00:00,2026-05-27,false,false,14.0,"[""cb_member_078""]",1
Cb,Mi 16:00,"[""cb_member_046"",""cb_member_003"",""cb_member_006"",""cb_member_065"",""cb_member_038"",""cb_member_057"",""cb_member_066"",""cb_member_019"",""cb_member_054"",""cb_member_012""]",2026-05-24 16:00:00,2026-05-27,false,false,14.0,[],0
Cb,Mi 16:00,"[""cb_member_046"",""cb_member_003"",""cb_member_006"",""cb_member_065"",""cb_member_038"",""cb_member_057"",""cb_member_066"",""cb_member_019"",""cb_member_054"",""cb_member_043"",""cb_member_018""]",2026-05-25 16:00:00,2026-05-27,false,false,14.0,"[""cb_member_011""]",1
Cb,Mi 16:00,"[""cb_member_046"",""cb_member_003"",""cb_member_006"",""cb_member_065"",""cb_member_038"",""cb_member_057"",""cb_member_066"",""cb_member_019"",""cb_member_054"",""cb_member_043"",""cb_member_018"",""cb_member_073"",""cb_member_058""]",2026-05-26 16:00:00,2026-05-27,false,false,14.0,"[""cb_member_011""]",1
Cb,Mi 16:00,"[""cb_member_046"",""cb_member_003"",""cb_member_006"",""cb_member_065"",""cb_member_038"",""cb_member_057"",""cb_member_066"",""cb_member_019"",""cb_member_054"",""cb_member_043"",""cb_member_018"",""cb_member_073"",""cb_member_058"",""cb_member_079""]",2026-05-27 10:00:00,2026-05-27,false,false,14.0,"[""cb_member_011"",""cb_member_070""]",2
Cb,Mi 16:00,"[""cb_member_007"",""cb_member_045"",""cb_member_051"",""cb_member_033"",""cb_member_001"",""cb_member_044""]",2026-05-29 04:00:00,2026-06-03,false,false,14.0,"[""cb_member_067""]",1
Cb,Mi 16:00,"[""cb_member_007"",""cb_member_045"",""cb_member_051"",""cb_member_033"",""cb_member_001"",""cb_member_047"",""cb_member_078"",""cb_member_044""]",2026-05-30 16:00:00,2026-06-03,false,false,14.0,"[""cb_member_067""]",1
Cb,Mi 16:00,"[""cb_member_007"",""cb_member_045"",""cb_member_051"",""cb_member_033"",""cb_member_001"",""cb_member_047"",""cb_member_078"",""cb_member_062"",""cb_member_044""]",2026-05-31 16:00:00,2026-06-03,false,false,14.0,[],0
Cb,Mi 16:00,"[""cb_member_007"",""cb_member_045"",""cb_member_051"",""cb_member_033"",""cb_member_001"",""cb_member_047"",""cb_member_078"",""cb_member_062"",""cb_member_009"",""cb_member_018""]",2026-06-01 16:00:00,2026-06-03,false,false,14.0,[],0
Cb,Mi 16:00,"[""cb_member_007"",""cb_member_045"",""cb_member_051"",""cb_member_033"",""cb_member_001"",""cb_member_047"",""cb_member_078"",""cb_member_062"",""cb_member_009"",""cb_member_018"",""cb_member_025""]",2026-06-02 16:00:00,2026-06-03,false,false,14.0,[],0
Cb,Mi 16:00,"[""cb_member_007"",""cb_member_045"",""cb_member_051"",""cb_member_033"",""cb_member_001"",""cb_member_047"",""cb_member_078"",""cb_member_062"",""cb_member_009"",""cb_member_018"",""cb_member_025"",""cb_member_066"",""cb_member_008""]",2026-06-03 04:00:00,2026-06-03,false,false,14.0,[],0
Cb,Mi 16:00,"[""cb_member_007"",""cb_member_045"",""cb_member_051"",""cb_member_033"",""cb_member_001"",""cb_member_047"",""cb_member_078"",""cb_member_062"",""cb_member_009"",""cb_member_018"",""cb_member_025"",""cb_member_066"",""cb_member_008"",""cb_member_080""]",2026-06-03 10:00:00,2026-06-03,false,false,14.0,[],0
Nk,Di 18:00,"[""nk_member_064"",""nk_member_069"",""nk_member_045"",""nk_member_029"",""nk_member_027""]",2025-12-30 18:00:00,2026-01-06,false,false,12.0,"[""nk_member_020""]",1
Nk,Di 18:00,"[""nk_member_064"",""nk_member_069"",""nk_member_045"",""nk_member_029"",""nk_member_046"",""nk_member_074"",""nk_member_027""]",2026-01-01 06:00:00,2026-01-06,false,false,12.0,"[""nk_member_020""]",1
Nk,Di 18:00,"[""nk_member_064"",""nk_member_069"",""nk_member_045"",""nk_member_029"",""nk_member_046"",""nk_member_074"",""nk_member_021"",""nk_member_027""]",2026-01-02 18:00:00,2026-01-06,false,false,12.0,[],0
Nk,Di 18:00,"[""nk_member_064"",""nk_member_069"",""nk_member_045"",""nk_member_029"",""nk_member_046"",""nk_member_074"",""nk_member_021"",""nk_member_076""]",2026-01-04 18:00:00,2026-01-06,false,false,12.0,[],0
Nk,Di 18:00,"[""nk_member_064"",""nk_member_069"",""nk_member_045"",""nk_member_029"",""nk_member_046"",""nk_member_074"",""nk_member_021"",""nk_member_076"",""nk_member_063"",""nk_member_015""]",2026-01-05 18:00:00,2026-01-06,false,false,12.0,"[""nk_member_059""]",1
Nk,Di 18:00,"[""nk_member_064"",""nk_member_069"",""nk_member_045"",""nk_member_029"",""nk_member_046"",""nk_member_074"",""nk_member_021"",""nk_member_076"",""nk_member_063"",""nk_member_015"",""nk_member_035""]",2026-01-06 06:00:00,2026-01-06,false,false,12.0,"[""nk_member_059""]",1
Nk,Di 18:00,"[""nk_member_064"",""nk_member_069"",""nk_member_045"",""nk_member_029"",""nk_member_046"",""nk_member_074"",""nk_member_021"",""nk_member_076"",""nk_member_063"",""nk_member_015"",""nk_member_035"",""nk_member_007""]",2026-01-06 12:00:00,2026-01-06,false,false,12.0,"[""nk_member_059"",""nk_member_068""]",2
Nk,Di 18:00,"[""nk_member_033"",""nk_member_056"",""nk_member_078"",""nk_member_017"",""nk_member_003""]",2026-01-06 18:00:00,2026-01-13,false,false,12.0,"[""nk_member_046""]",1
Nk,Di 18:00,"[""nk_member_033"",""nk_member_056"",""nk_member_078"",""nk_member_017"",""nk_member_049"",""nk_member_003""]",2026-01-08 06:00:00,2026-01-13,false,false,12.0,"[""nk_member_046""]",1
Nk,Di 18:00,"[""nk_member_033"",""nk_member_056"",""nk_member_078"",""nk_member_017"",""nk_member_049"",""nk_member_077"",""nk_member_060"",""nk_member_003""]",2026-01-09 18:00:00,2026-01-13,false,false,12.0,[],0
Nk,Di 18:00,"[""nk_member_033"",""nk_member_056"",""nk_member_078"",""nk_member_017"",""nk_member_049"",""nk_member_077"",""nk_member_060"",""nk_member_030""]",2026-01-12 18:00:00,2026-01-13,false,false,12.0,[],0
Nk,Di 18:00,"[""nk_member_033"",""nk_member_056"",""nk_member_078"",""nk_member_017"",""nk_member_049"",""nk_member_077"",""nk_member_060"",""nk_member_030"",""nk_member_014"",""nk_member_011""]",2026-01-13 06:00:00,2026-01-13,false,false,12.0,"[""nk_member_071""]",1
Nk,Di 18:00,"[""nk_member_033"",""nk_member_056"",""nk_member_078"",""nk_member_017"",""nk_member_049"",""nk_member_077"",""nk_member_060"",""nk_member_030"",""nk_member_014"",""nk_member_011"",""nk_member_079""]",2026-01-13 12:00:00,2026-01-13,false,false,12.0,"[""nk_member_071""]",1
Nk,Di 18:00,"[""nk_member_078"",""nk_member_035"",""nk_member_011"",""nk_member_039"",""nk_member_045""]",2026-01-15 06:00:00,2026-01-20,false,false,12.0,"[""nk_member_066""]",1
Nk,Di 18:00,"[""nk_member_078"",""nk_member_035"",""nk_member_011"",""nk_member_039"",""nk_member_040"",""nk_member_034"",""nk_member_045""]",2026-01-16 18:00:00,2026-01-20,false,false,12.0,"[""nk_member_066""]",1
Nk,Di 18:00,"[""nk_member_078"",""nk_member_035"",""nk_member_011"",""nk_member_039"",""nk_member_040"",""nk_member_034"",""nk_member_026"",""nk_member_012""]",2026-01-17 18:00:00,2026-01-20,false,false,12.0,[],0
Nk,Di 18:00,"[""nk_member_078"",""nk_member_035"",""nk_member_011"",""nk_member_039"",""nk_member_040"",""nk_member_034"",""nk_member_026"",""nk_member_012"",""nk_member_060"",""nk_member_050""]",2026-01-18 18:00:00,2026-01-20,false,false,12.0,[],0
Nk,Di 18:00,"[""nk_member_078"",""nk_member_035"",""nk_member_011"",""nk_member_039"",""nk_member_040"",""nk_member_034"",""nk_member_026"",""nk_member_012"",""nk_member_060"",""nk_member_050""]",2026-01-19 18:00:00,2026-01-20,false,false,12.0,[],0
Nk,Di 18:00,"[""nk_member_056"",""nk_member_017"",""nk_member_050"",""nk_member_066""]",2026-01-22 06:00:00,2026-01-27,false,false,12.0,"[""nk_member_069""]",1
Nk,Di 18:00,"[""nk_member_056"",""nk_member_017"",""nk_member_050"",""nk_member_019"",""nk_member_066""]",2026-01-24 18:00:00,2026-01-27,false,false,12.0,"[""nk_member_069""]",1
Nk,Di 18:00,"[""nk_member_056"",""nk_member_017"",""nk_member_050"",""nk_member_019"",""nk_member_076"",""nk_member_032""]",2026-01-25 18:00:00,2026-01-27,false,false,12.0,[],0
Nk,Di 18:00,"[""nk_member_056"",""nk_member_017"",""nk_member_050"",""nk_member_019"",""nk_member_076"",""nk_member_032"",""nk_member_067""]",2026-01-27 06:00:00,2026-01-27,false,false,12.0,[],0
Nk,Di 18:00,"[""nk_member_056"",""nk_member_017"",""nk_member_050"",""nk_member_019"",""nk_member_076"",""nk_member_032"",""nk_member_067"",""nk_member_029""]",2026-01-27 12:00:00,2026-01-27,false,false,12.0,[],0
Nk,Di 18:00,"[""nk_member_012"",""nk_member_008"",""nk_member_055"",""nk_member_014"",""nk_member_041""]",2026-01-27 18:00:00,2026-02-03,false,false,12.0,"[""nk_member_016""]",1
Nk,Di 18:00,"[""nk_member_012"",""nk_member_008"",""nk_member_055"",""nk_member_014"",""nk_member_067"",""nk_member_041""]",2026-01-29 06:00:00,2026-02-03,false,false,12.0,"[""nk_member_016""]",1
Nk,Di 18:00,"[""nk_member_012"",""nk_member_008"",""nk_member_055"",""nk_member_014"",""nk_member_067"",""nk_member_034"",""nk_member_045"",""nk_member_041""]",2026-01-31 18:00:00,2026-02-03,false,false,12.0,[],0
Nk,Di 18:00,"[""nk_member_012"",""nk_member_008"",""nk_member_055"",""nk_member_014"",""nk_member_067"",""nk_member_034"",""nk_member_045"",""nk_member_072""]",2026-02-02 18:00:00,2026-02-03,false,false,12.0,"[""nk_member_073""]",1
Nk,Di 18:00,"[""nk_member_012"",""nk_member_008"",""nk_member_055"",""nk_member_014"",""nk_member_067"",""nk_member_034"",""nk_member_045"",""nk_member_072"",""nk_member_070"",""nk_member_080""]",2026-02-03 06:00:00,2026-02-03,false,false,12.0,"[""nk_member_073""]",1
Nk,Di 18:00,"[""nk_member_012"",""nk_member_008"",""nk_member_055"",""nk_member_014"",""nk_member_067"",""nk_member_034"",""nk_member_045"",""nk_member_072"",""nk_member_070"",""nk_member_080"",""nk_member_029""]",2026-02-03 12:00:00,2026-02-03,false,false,12.0,"[""nk_member_073"",""nk_member_019""]",2
Nk,Di 18:00,"[""nk_member_006"",""nk_member_010"",""nk_member_020"",""nk_member_052"",""nk_member_046""]",2026-02-03 18:00:00,2026-02-10,false,false,12.0,"[""nk_member_055""]",1
Nk,Di 18:00,"[""nk_member_006"",""nk_member_010"",""nk_member_020"",""nk_member_052"",""nk_member_056"",""nk_member_031"",""nk_member_046""]",2026-02-05 06:00:00,2026-02-10,false,false,12.0,"[""nk_member_055""]",1
Nk,Di 18:00,"[""nk_member_006"",""nk_member_010"",""nk_member_020"",""nk_member_052"",""nk_member_056"",""nk_member_031"",""nk_member_047"",""nk_member_046""]",2026-02-07 18:00:00,2026-02-10,false,false,12.0,[],0
Nk,Di 18:00,"[""nk_member_006"",""nk_member_010"",""nk_member_020"",""nk_member_052"",""nk_member_056"",""nk_member_031"",""nk_member_047"",""nk_member_042""]",2026-02-08 18:00:00,2026-02-10,false,false,12.0,[],0
Nk,Di 18:00,"[""nk_member_006"",""nk_member_010"",""nk_member_020"",""nk_member_052"",""nk_member_056"",""nk_member_031"",""nk_member_047"",""nk_member_042"",""nk_member_080"",""nk_member_064""]",2026-02-09 18:00:00,2026-02-10,false,false,12.0,[],0
Nk,Di 18:00,"[""nk_member_006"",""nk_member_010"",""nk_member_020"",""nk_member_052"",""nk_member_056"",""nk_member_031"",""nk_member_047"",""nk_member_042"",""nk_member_080"",""nk_member_064"",""nk_member_012""]",2026-02-10 06:00:00,2026-02-10,false,false,12.0,"[""nk_member_057""]",1
Nk,Di 18:00,"[""nk_member_006"",""nk_member_010"",""nk_member_020"",""nk_member_052"",""nk_member_056"",""nk_member_031"",""nk_member_047"",""nk_member_042"",""nk_member_080"",""nk_member_064"",""nk_member_012"",""nk_member_053""]",2026-02-10 12:00:00,2026-02-10,false,false,12.0,"[""nk_member_057""]",1
Nk,Di 18:00,"[""nk_member_075"",""nk_member_076"",""nk_member_004"",""nk_member_005"",""nk_member_052""]",2026-02-10 18:00:00,2026-02-17,false,true,12.0,"[""nk_member_051""]",1
Nk,Di 18:00,"[""nk_member_075"",""nk_member_076"",""nk_member_004"",""nk_member_005"",""nk_member_038"",""nk_member_052""]",2026-02-12 06:00:00,2026-02-17,false,true,12.0,"[""nk_member_051""]",1
Nk,Di 18:00,"[""nk_member_075"",""nk_member_076"",""nk_member_004"",""nk_member_005"",""nk_member_038"",""nk_member_073"",""nk_member_052""]",2026-02-13 18:00:00,2026-02-17,false,true,12.0,[],0
Nk,Di 18:00,"[""nk_member_075"",""nk_member_076"",""nk_member_004"",""nk_member_005"",""nk_member_038"",""nk_member_073"",""nk_member_015""]",2026-02-14 18:00:00,2026-02-17,false,true,12.0,[],0
Nk,Di 18:00,"[""nk_member_075"",""nk_member_076"",""nk_member_004"",""nk_member_005"",""nk_member_038"",""nk_member_073"",""nk_member_015"",""nk_member_058""]",2026-02-16 18:00:00,2026-02-17,false,true,12.0,[],0
Nk,Di 18:00,"[""nk_member_075"",""nk_member_076"",""nk_member_004"",""nk_member_005"",""nk_member_038"",""nk_member_073"",""nk_member_015"",""nk_member_058"",""nk_member_019""]",2026-02-17 06:00:00,2026-02-17,false,true,12.0,"[""nk_member_062""]",1
Nk,Di 18:00,"[""nk_member_075"",""nk_member_076"",""nk_member_004"",""nk_member_005"",""nk_member_038"",""nk_member_073"",""nk_member_015"",""nk_member_058"",""nk_member_019"",""nk_member_047""]",2026-02-17 12:00:00,2026-02-17,false,true,12.0,"[""nk_member_062""]",1
Nk,Di 18:00,"[""nk_member_043"",""nk_member_059"",""nk_member_073"",""nk_member_050"",""nk_member_062""]",2026-02-17 18:00:00,2026-02-24,false,false,12.0,"[""nk_member_053""]",1
Nk,Di 18:00,"[""nk_member_043"",""nk_member_059"",""nk_member_073"",""nk_member_050"",""nk_member_036"",""nk_member_041"",""nk_member_062""]",2026-02-19 06:00:00,2026-02-24,false,false,12.0,"[""nk_member_053""]",1
Nk,Di 18:00,"[""nk_member_043"",""nk_member_059"",""nk_member_073"",""nk_member_050"",""nk_member_036"",""nk_member_041"",""nk_member_044"",""nk_member_005"",""nk_member_062""]",2026-02-20 18:00:00,2026-02-24,false,false,12.0,[],0
Nk,Di 18:00,"[""nk_member_043"",""nk_member_059"",""nk_member_073"",""nk_member_050"",""nk_member_036"",""nk_member_041"",""nk_member_044"",""nk_member_005"",""nk_member_030""]",2026-02-21 18:00:00,2026-02-24,false,false,12.0,[],0
Nk,Di 18:00,"[""nk_member_043"",""nk_member_059"",""nk_member_073"",""nk_member_050"",""nk_member_036"",""nk_member_041"",""nk_member_044"",""nk_member_005"",""nk_member_030"",""nk_member_018"",""nk_member_054""]",2026-02-23 18:00:00,2026-02-24,false,false,12.0,"[""nk_member_026""]",1
Nk,Di 18:00,"[""nk_member_043"",""nk_member_059"",""nk_member_073"",""nk_member_050"",""nk_member_036"",""nk_member_041"",""nk_member_044"",""nk_member_005"",""nk_member_030"",""nk_member_018"",""nk_member_054"",""nk_member_010""]",2026-02-24 06:00:00,2026-02-24,false,false,12.0,"[""nk_member_026""]",1
Nk,Di 18:00,"[""nk_member_040"",""nk_member_011"",""nk_member_036"",""nk_member_042"",""nk_member_005""]",2026-02-24 18:00:00,2026-03-03,false,false,12.0,"[""nk_member_019""]",1
Nk,Di 18:00,"[""nk_member_040"",""nk_member_011"",""nk_member_036"",""nk_member_042"",""nk_member_020"",""nk_member_048"",""nk_member_005""]",2026-02-26 06:00:00,2026-03-03,false,false,12.0,"[""nk_member_019""]",1
Nk,Di 18:00,"[""nk_member_040"",""nk_member_011"",""nk_member_036"",""nk_member_042"",""nk_member_020"",""nk_member_048"",""nk_member_077"",""nk_member_049""]",2026-02-28 18:00:00,2026-03-03,false,false,12.0,[],0
Nk,Di 18:00,"[""nk_member_040"",""nk_member_011"",""nk_member_036"",""nk_member_042"",""nk_member_020"",""nk_member_048"",""nk_member_077"",""nk_member_049"",""nk_member_017"",""nk_member_023""]",2026-03-01 18:00:00,2026-03-03,false,false,12.0,"[""nk_member_061""]",1
Nk,Di 18:00,"[""nk_member_040"",""nk_member_011"",""nk_member_036"",""nk_member_042"",""nk_member_020"",""nk_member_048"",""nk_member_077"",""nk_member_049"",""nk_member_017"",""nk_member_023"",""nk_member_041"",""nk_member_075""]",2026-03-03 06:00:00,2026-03-03,false,false,12.0,"[""nk_member_061""]",1
Nk,Di 18:00,"[""nk_member_007"",""nk_member_065"",""nk_member_075"",""nk_member_027"",""nk_member_064""]",2026-03-05 06:00:00,2026-03-10,false,false,12.0,"[""nk_member_016""]",1
Nk,Di 18:00,"[""nk_member_007"",""nk_member_065"",""nk_member_075"",""nk_member_027"",""nk_member_038"",""nk_member_001"",""nk_member_064""]",2026-03-06 18:00:00,2026-03-10,false,false,12.0,"[""nk_member_016""]",1
Nk,Di 18:00,"[""nk_member_007"",""nk_member_065"",""nk_member_075"",""nk_member_027"",""nk_member_038"",""nk_member_001"",""nk_member_012"",""nk_member_039""]",2026-03-07 18:00:00,2026-03-10,false,false,12.0,[],0
Nk,Di 18:00,"[""nk_member_007"",""nk_member_065"",""nk_member_075"",""nk_member_027"",""nk_member_038"",""nk_member_001"",""nk_member_012"",""nk_member_039"",""nk_member_022"",""nk_member_046""]",2026-03-09 18:00:00,2026-03-10,false,false,12.0,[],0
Nk,Di 18:00,"[""nk_member_007"",""nk_member_065"",""nk_member_075"",""nk_member_027"",""nk_member_038"",""nk_member_001"",""nk_member_012"",""nk_member_039"",""nk_member_022"",""nk_member_046"",""nk_member_004""]",2026-03-10 12:00:00,2026-03-10,false,false,12.0,[],0
Nk,Di 18:00,"[""nk_member_048"",""nk_member_028"",""nk_member_037"",""nk_member_050"",""nk_member_031""]",2026-03-12 06:00:00,2026-03-17,false,false,12.0,"[""nk_member_068""]",1
Nk,Di 18:00,"[""nk_member_048"",""nk_member_028"",""nk_member_037"",""nk_member_050"",""nk_member_079"",""nk_member_053"",""nk_member_031""]",2026-03-13 18:00:00,2026-03-17,false,false,12.0,"[""nk_member_068""]",1
Nk,Di 18:00,"[""nk_member_048"",""nk_member_028"",""nk_member_037"",""nk_member_050"",""nk_member_079"",""nk_member_053"",""nk_member_051"",""nk_member_049""]",2026-03-15 18:00:00,2026-03-17,false,false,12.0,[],0
Nk,Di 18:00,"[""nk_member_048"",""nk_member_028"",""nk_member_037"",""nk_member_050"",""nk_member_079"",""nk_member_053"",""nk_member_051"",""nk_member_049"",""nk_member_035"",""nk_member_032""]",2026-03-16 18:00:00,2026-03-17,false,false,12.0,"[""nk_member_060""]",1
Nk,Di 18:00,"[""nk_member_048"",""nk_member_028"",""nk_member_037"",""nk_member_050"",""nk_member_079"",""nk_member_053"",""nk_member_051"",""nk_member_049"",""nk_member_035"",""nk_member_032"",""nk_member_044"",""nk_member_020""]",2026-03-17 12:00:00,2026-03-17,false,false,12.0,"[""nk_member_060""]",1
Nk,Di 18:00,"[""nk_member_059"",""nk_member_030"",""nk_member_065"",""nk_member_040"",""nk_member_017""]",2026-03-17 18:00:00,2026-03-24,false,false,12.0,"[""nk_member_071""]",1
Nk,Di 18:00,"[""nk_member_059"",""nk_member_030"",""nk_member_065"",""nk_member_040"",""nk_member_050"",""nk_member_045"",""nk_member_017""]",2026-03-19 06:00:00,2026-03-24,false,false,12.0,"[""nk_member_071""]",1
Nk,Di 18:00,"[""nk_member_059"",""nk_member_030"",""nk_member_065"",""nk_member_040"",""nk_member_050"",""nk_member_045"",""nk_member_046"",""nk_member_013"",""nk_member_017""]",2026-03-20 18:00:00,2026-03-24,false,false,12.0,[],0
Nk,Di 18:00,"[""nk_member_059"",""nk_member_030"",""nk_member_065"",""nk_member_040"",""nk_member_050"",""nk_member_045"",""nk_member_046"",""nk_member_013"",""nk_member_054""]",2026-03-21 18:00:00,2026-03-24,false,false,12.0,[],0
Nk,Di 18:00,"[""nk_member_059"",""nk_member_030"",""nk_member_065"",""nk_member_040"",""nk_member_050"",""nk_member_045"",""nk_member_046"",""nk_member_013"",""nk_member_054"",""nk_member_080"",""nk_member_016""]",2026-03-24 06:00:00,2026-03-24,false,false,12.0,"[""nk_member_049""]",1
Nk,Di 18:00,"[""nk_member_059"",""nk_member_030"",""nk_member_065"",""nk_member_040"",""nk_member_050"",""nk_member_045"",""nk_member_046"",""nk_member_013"",""nk_member_054"",""nk_member_080"",""nk_member_016"",""nk_member_068""]",2026-03-24 12:00:00,2026-03-24,false,false,12.0,"[""nk_member_049""]",1
Nk,Di 18:00,"[""nk_member_021"",""nk_member_015"",""nk_member_058"",""nk_member_024"",""nk_member_060""]",2026-03-24 18:00:00,2026-03-31,false,true,12.0,"[""nk_member_037""]",1
Nk,Di 18:00,"[""nk_member_021"",""nk_member_015"",""nk_member_058"",""nk_member_024"",""nk_member_076"",""nk_member_053"",""nk_member_060""]",2026-03-26 06:00:00,2026-03-31,false,true,12.0,"[""nk_member_037""]",1
Nk,Di 18:00,"[""nk_member_021"",""nk_member_015"",""nk_member_058"",""nk_member_024"",""nk_member_076"",""nk_member_053"",""nk_member_012"",""nk_member_025""]",2026-03-27 18:00:00,2026-03-31,false,true,12.0,[],0
Nk,Di 18:00,"[""nk_member_021"",""nk_member_015"",""nk_member_058"",""nk_member_024"",""nk_member_076"",""nk_member_053"",""nk_member_012"",""nk_member_025"",""nk_member_075"",""nk_member_049""]",2026-03-29 18:00:00,2026-03-31,false,true,12.0,[],0
Nk,Di 18:00,"[""nk_member_021"",""nk_member_015"",""nk_member_058"",""nk_member_024"",""nk_member_076"",""nk_member_053"",""nk_member_012"",""nk_member_025"",""nk_member_075"",""nk_member_049"",""nk_member_018"",""nk_member_079""]",2026-03-30 18:00:00,2026-03-31,false,true,12.0,[],0
Nk,Di 18:00,"[""nk_member_009"",""nk_member_022"",""nk_member_067"",""nk_member_030"",""nk_member_007""]",2026-03-31 18:00:00,2026-04-07,false,false,12.0,"[""nk_member_052""]",1
Nk,Di 18:00,"[""nk_member_009"",""nk_member_022"",""nk_member_067"",""nk_member_030"",""nk_member_035"",""nk_member_028"",""nk_member_007""]",2026-04-02 06:00:00,2026-04-07,false,false,12.0,"[""nk_member_052""]",1
Nk,Di 18:00,"[""nk_member_009"",""nk_member_022"",""nk_member_067"",""nk_member_030"",""nk_member_035"",""nk_member_028"",""nk_member_031"",""nk_member_007""]",2026-04-03 18:00:00,2026-04-07,false,false,12.0,[],0
Nk,Di 18:00,"[""nk_member_009"",""nk_member_022"",""nk_member_067"",""nk_member_030"",""nk_member_035"",""nk_member_028"",""nk_member_031"",""nk_member_060""]",2026-04-05 18:00:00,2026-04-07,false,false,12.0,[],0
Nk,Di 18:00,"[""nk_member_009"",""nk_member_022"",""nk_member_067"",""nk_member_030"",""nk_member_035"",""nk_member_028"",""nk_member_031"",""nk_member_060"",""nk_member_056"",""nk_member_016""]",2026-04-06 18:00:00,2026-04-07,false,false,12.0,[],0
Nk,Di 18:00,"[""nk_member_009"",""nk_member_022"",""nk_member_067"",""nk_member_030"",""nk_member_035"",""nk_member_028"",""nk_member_031"",""nk_member_060"",""nk_member_056"",""nk_member_016"",""nk_member_071""]",2026-04-07 06:00:00,2026-04-07,false,false,12.0,"[""nk_member_005""]",1
Nk,Di 18:00,"[""nk_member_009"",""nk_member_022"",""nk_member_067"",""nk_member_030"",""nk_member_035"",""nk_member_028"",""nk_member_031"",""nk_member_060"",""nk_member_056"",""nk_member_016"",""nk_member_071"",""nk_member_041""]",2026-04-07 12:00:00,2026-04-07,false,false,12.0,"[""nk_member_005""]",1
Nk,Di 18:00,"[""nk_member_027"",""nk_member_058"",""nk_member_065"",""nk_member_052""]",2026-04-07 18:00:00,2026-04-14,false,false,12.0,"[""nk_member_041""]",1
Nk,Di 18:00,"[""nk_member_027"",""nk_member_058"",""nk_member_065"",""nk_member_072"",""nk_member_052""]",2026-04-09 06:00:00,2026-04-14,false,false,12.0,"[""nk_member_041""]",1
Nk,Di 18:00,"[""nk_member_027"",""nk_member_058"",""nk_member_065"",""nk_member_072"",""nk_member_053"",""nk_member_052""]",2026-04-10 18:00:00,2026-04-14,false,false,12.0,[],0
Nk,Di 18:00,"[""nk_member_027"",""nk_member_058"",""nk_member_065"",""nk_member_072"",""nk_member_053"",""nk_member_036""]",2026-04-11 18:00:00,2026-04-14,false,false,12.0,[],0
Nk,Di 18:00,"[""nk_member_027"",""nk_member_058"",""nk_member_065"",""nk_member_072"",""nk_member_053"",""nk_member_036"",""nk_member_080""]",2026-04-12 18:00:00,2026-04-14,false,false,12.0,[],0
Nk,Di 18:00,"[""nk_member_027"",""nk_member_058"",""nk_member_065"",""nk_member_072"",""nk_member_053"",""nk_member_036"",""nk_member_080""]",2026-04-14 06:00:00,2026-04-14,false,false,12.0,"[""nk_member_049""]",1
Nk,Di 18:00,"[""nk_member_027"",""nk_member_058"",""nk_member_065"",""nk_member_072"",""nk_member_053"",""nk_member_036"",""nk_member_080"",""nk_member_031""]",2026-04-14 12:00:00,2026-04-14,false,false,12.0,"[""nk_member_049""]",1
Nk,Di 18:00,"[""nk_member_058"",""nk_member_012"",""nk_member_019"",""nk_member_043"",""nk_member_061""]",2026-04-14 18:00:00,2026-04-21,false,false,12.0,"[""nk_member_026""]",1
Nk,Di 18:00,"[""nk_member_058"",""nk_member_012"",""nk_member_019"",""nk_member_043"",""nk_member_009"",""nk_member_061""]",2026-04-16 06:00:00,2026-04-21,false,false,12.0,"[""nk_member_026""]",1
Nk,Di 18:00,"[""nk_member_058"",""nk_member_012"",""nk_member_019"",""nk_member_043"",""nk_member_009"",""nk_member_031"",""nk_member_014"",""nk_member_061""]",2026-04-18 18:00:00,2026-04-21,false,false,12.0,"[""nk_member_026""]",1
Nk,Di 18:00,"[""nk_member_058"",""nk_member_012"",""nk_member_019"",""nk_member_043"",""nk_member_009"",""nk_member_031"",""nk_member_014"",""nk_member_074"",""nk_member_061""]",2026-04-19 18:00:00,2026-04-21,false,false,12.0,[],0
Nk,Di 18:00,"[""nk_member_058"",""nk_member_012"",""nk_member_019"",""nk_member_043"",""nk_member_009"",""nk_member_031"",""nk_member_014"",""nk_member_074"",""nk_member_050""]",2026-04-20 18:00:00,2026-04-21,false,false,12.0,[],0
Nk,Di 18:00,"[""nk_member_058"",""nk_member_012"",""nk_member_019"",""nk_member_043"",""nk_member_009"",""nk_member_031"",""nk_member_014"",""nk_member_074"",""nk_member_050"",""nk_member_008""]",2026-04-21 06:00:00,2026-04-21,false,false,12.0,"[""nk_member_032""]",1
Nk,Di 18:00,"[""nk_member_058"",""nk_member_012"",""nk_member_019"",""nk_member_043"",""nk_member_009"",""nk_member_031"",""nk_member_014"",""nk_member_074"",""nk_member_050"",""nk_member_008"",""nk_member_057""]",2026-04-21 12:00:00,2026-04-21,false,false,12.0,"[""nk_member_032""]",1
Nk,Di 18:00,"[""nk_member_058"",""nk_member_012"",""nk_member_019"",""nk_member_043"",""nk_member_009"",""nk_member_031"",""nk_member_014"",""nk_member_074"",""nk_member_050"",""nk_member_008"",""nk_member_057"",""nk_member_048""]",2026-04-21 20:00:00,2026-04-21,false,false,12.0,"[""nk_member_032""]",1
Nk,Di 18:00,"[""nk_member_049"",""nk_member_078"",""nk_member_021"",""nk_member_056"",""nk_member_015""]",2026-04-21 18:00:00,2026-04-28,false,true,12.0,"[""nk_member_026""]",1
Nk,Di 18:00,"[""nk_member_049"",""nk_member_078"",""nk_member_021"",""nk_member_056"",""nk_member_031"",""nk_member_015""]",2026-04-24 18:00:00,2026-04-28,false,true,12.0,"[""nk_member_026""]",1
Nk,Di 18:00,"[""nk_member_049"",""nk_member_078"",""nk_member_021"",""nk_member_056"",""nk_member_031"",""nk_member_017"",""nk_member_015""]",2026-04-25 18:00:00,2026-04-28,false,true,12.0,"[""nk_member_026""]",1
Nk,Di 18:00,"[""nk_member_049"",""nk_member_078"",""nk_member_021"",""nk_member_056"",""nk_member_031"",""nk_member_017"",""nk_member_062"",""nk_member_015""]",2026-04-26 18:00:00,2026-04-28,false,true,12.0,[],0
Nk,Di 18:00,"[""nk_member_049"",""nk_member_078"",""nk_member_021"",""nk_member_056"",""nk_member_031"",""nk_member_017"",""nk_member_062"",""nk_member_043""]",2026-04-27 18:00:00,2026-04-28,false,true,12.0,[],0
Nk,Di 18:00,"[""nk_member_049"",""nk_member_078"",""nk_member_021"",""nk_member_056"",""nk_member_031"",""nk_member_017"",""nk_member_062"",""nk_member_043"",""nk_member_052""]",2026-04-28 06:00:00,2026-04-28,false,true,12.0,[],0
Nk,Di 18:00,"[""nk_member_049"",""nk_member_078"",""nk_member_021"",""nk_member_056"",""nk_member_031"",""nk_member_017"",""nk_member_062"",""nk_member_043"",""nk_member_052"",""nk_member_044""]",2026-04-28 12:00:00,2026-04-28,false,true,12.0,[],0
Nk,Di 18:00,"[""nk_member_049"",""nk_member_078"",""nk_member_021"",""nk_member_056"",""nk_member_031"",""nk_member_017"",""nk_member_062"",""nk_member_043"",""nk_member_052"",""nk_member_044""]",2026-04-28 18:00:00,2026-04-28,false,true,12.0,[],0
Nk,Di 18:00,"[""nk_member_071"",""nk_member_025"",""nk_member_064"",""nk_member_008"",""nk_member_006""]",2026-04-28 18:00:00,2026-05-05,false,false,12.0,"[""nk_member_011""]",1
Nk,Di 18:00,"[""nk_member_071"",""nk_member_025"",""nk_member_064"",""nk_member_008"",""nk_member_023"",""nk_member_065"",""nk_member_006""]",2026-04-30 06:00:00,2026-05-05,false,false,12.0,"[""nk_member_011""]",1
Nk,Di 18:00,"[""nk_member_071"",""nk_member_025"",""nk_member_064"",""nk_member_008"",""nk_member_023"",""nk_member_065"",""nk_member_061"",""nk_member_054""]",2026-05-01 18:00:00,2026-05-05,false,false,12.0,[],0
Nk,Di 18:00,"[""nk_member_071"",""nk_member_025"",""nk_member_064"",""nk_member_008"",""nk_member_023"",""nk_member_065"",""nk_member_061"",""nk_member_054"",""nk_member_053"",""nk_member_015""]",2026-05-02 18:00:00,2026-05-05,false,false,12.0,"[""nk_member_012""]",1
Nk,Di 18:00,"[""nk_member_071"",""nk_member_025"",""nk_member_064"",""nk_member_008"",""nk_member_023"",""nk_member_065"",""nk_member_061"",""nk_member_054"",""nk_member_053"",""nk_member_015"",""nk_member_072""]",2026-05-03 18:00:00,2026-05-05,false,false,12.0,"[""nk_member_012""]",1
Nk,Di 18:00,"[""nk_member_030"",""nk_member_023"",""nk_member_078"",""nk_member_022""]",2026-05-05 18:00:00,2026-05-12,false,false,12.0,"[""nk_member_037""]",1
Nk,Di 18:00,"[""nk_member_030"",""nk_member_023"",""nk_member_078"",""nk_member_059"",""nk_member_022""]",2026-05-07 06:00:00,2026-05-12,false,false,12.0,"[""nk_member_037""]",1
Nk,Di 18:00,"[""nk_member_030"",""nk_member_023"",""nk_member_078"",""nk_member_059"",""nk_member_017"",""nk_member_022""]",2026-05-08 18:00:00,2026-05-12,false,false,12.0,[],0
Nk,Di 18:00,"[""nk_member_030"",""nk_member_023"",""nk_member_078"",""nk_member_059"",""nk_member_017"",""nk_member_057""]",2026-05-09 18:00:00,2026-05-12,false,false,12.0,[],0
Nk,Di 18:00,"[""nk_member_030"",""nk_member_023"",""nk_member_078"",""nk_member_059"",""nk_member_017"",""nk_member_057"",""nk_member_066""]",2026-05-10 18:00:00,2026-05-12,false,false,12.0,[],0
Nk,Di 18:00,"[""nk_member_030"",""nk_member_023"",""nk_member_078"",""nk_member_059"",""nk_member_017"",""nk_member_057"",""nk_member_066"",""nk_member_024""]",2026-05-11 18:00:00,2026-05-12,false,false,12.0,[],0
Nk,Di 18:00,"[""nk_member_030"",""nk_member_023"",""nk_member_078"",""nk_member_059"",""nk_member_017"",""nk_member_057"",""nk_member_066"",""nk_member_024"",""nk_member_072""]",2026-05-12 06:00:00,2026-05-12,false,false,12.0,[],0
Nk,Di 18:00,"[""nk_member_038"",""nk_member_075"",""nk_member_049"",""nk_member_062"",""nk_member_064""]",2026-05-12 18:00:00,2026-05-19,false,false,12.0,"[""nk_member_067""]",1
Nk,Di 18:00,"[""nk_member_038"",""nk_member_075"",""nk_member_049"",""nk_member_062"",""nk_member_022"",""nk_member_064""]",2026-05-15 18:00:00,2026-05-19,false,false,12.0,"[""nk_member_067""]",1
Nk,Di 18:00,"[""nk_member_038"",""nk_member_075"",""nk_member_049"",""nk_member_062"",""nk_member_022"",""nk_member_026"",""nk_member_064""]",2026-05-16 18:00:00,2026-05-19,false,false,12.0,[],0
Nk,Di 18:00,"[""nk_member_038"",""nk_member_075"",""nk_member_049"",""nk_member_062"",""nk_member_022"",""nk_member_026"",""nk_member_055"",""nk_member_051""]",2026-05-17 18:00:00,2026-05-19,false,false,12.0,[],0
Nk,Di 18:00,"[""nk_member_038"",""nk_member_075"",""nk_member_049"",""nk_member_062"",""nk_member_022"",""nk_member_026"",""nk_member_055"",""nk_member_051"",""nk_member_059""]",2026-05-18 18:00:00,2026-05-19,false,false,12.0,[],0
Nk,Di 18:00,"[""nk_member_038"",""nk_member_075"",""nk_member_049"",""nk_member_062"",""nk_member_022"",""nk_member_026"",""nk_member_055"",""nk_member_051"",""nk_member_059"",""nk_member_007""]",2026-05-19 06:00:00,2026-05-19,false,false,12.0,"[""nk_member_013""]",1
Nk,Di 18:00,"[""nk_member_038"",""nk_member_075"",""nk_member_049"",""nk_member_062"",""nk_member_022"",""nk_member_026"",""nk_member_055"",""nk_member_051"",""nk_member_059"",""nk_member_007"",""nk_member_010""]",2026-05-19 12:00:00,2026-05-19,false,false,12.0,"[""nk_member_013""]",1
Nk,Di 18:00,"[""nk_member_046"",""nk_member_035"",""nk_member_054"",""nk_member_001""]",2026-05-19 18:00:00,2026-05-26,false,false,12.0,"[""nk_member_019""]",1
Nk,Di 18:00,"[""nk_member_046"",""nk_member_035"",""nk_member_054"",""nk_member_066"",""nk_member_001""]",2026-05-22 18:00:00,2026-05-26,false,false,12.0,"[""nk_member_019""]",1
Nk,Di 18:00,"[""nk_member_046"",""nk_member_035"",""nk_member_054"",""nk_member_066"",""nk_member_006"",""nk_member_007""]",2026-05-23 18:00:00,2026-05-26,false,false,12.0,[],0
Nk,Di 18:00,"[""nk_member_046"",""nk_member_035"",""nk_member_054"",""nk_member_066"",""nk_member_006"",""nk_member_007"",""nk_member_012""]",2026-05-24 18:00:00,2026-05-26,false,false,12.0,[],0
Nk,Di 18:00,"[""nk_member_046"",""nk_member_035"",""nk_member_054"",""nk_member_066"",""nk_member_006"",""nk_member_007"",""nk_member_012"",""nk_member_078""]",2026-05-26 12:00:00,2026-05-26,false,false,12.0,[],0
Nk,Di 18:00,"[""nk_member_040"",""nk_member_077"",""nk_member_078"",""nk_member_034"",""nk_member_052""]",2026-05-26 18:00:00,2026-06-02,false,false,12.0,"[""nk_member_043""]",1
Nk,Di 18:00,"[""nk_member_040"",""nk_member_077"",""nk_member_078"",""nk_member_034"",""nk_member_050"",""nk_member_042"",""nk_member_052""]",2026-05-30 18:00:00,2026-06-02,false,false,12.0,"[""nk_member_043""]",1
Nk,Di 18:00,"[""nk_member_040"",""nk_member_077"",""nk_member_078"",""nk_member_034"",""nk_member_050"",""nk_member_042"",""nk_member_015"",""nk_member_045""]",2026-05-31 18:00:00,2026-06-02,false,false,12.0,[],0
Nk,Di 18:00,"[""nk_member_040"",""nk_member_077"",""nk_member_078"",""nk_member_034"",""nk_member_050"",""nk_member_042"",""nk_member_015"",""nk_member_045"",""nk_member_018"",""nk_member_058""]",2026-06-01 18:00:00,2026-06-02,false,false,12.0,"[""nk_member_048""]",1
Nk,Di 18:00,"[""nk_member_040"",""nk_member_077"",""nk_member_078"",""nk_member_034"",""nk_member_050"",""nk_member_042"",""nk_member_015"",""nk_member_045"",""nk_member_018"",""nk_member_058"",""nk_member_012"",""nk_member_009""]",2026-06-02 12:00:00,2026-06-02,false,false,12.0,"[""nk_member_048""]",1
Nk,Mi 20:00,"[""nk_member_046"",""nk_member_055"",""nk_member_026"",""nk_member_004""]",2025-12-31 20:00:00,2026-01-07,false,false,10.0,"[""nk_member_048""]",1
Nk,Mi 20:00,"[""nk_member_046"",""nk_member_055"",""nk_member_026"",""nk_member_010"",""nk_member_004""]",2026-01-02 08:00:00,2026-01-07,false,false,10.0,"[""nk_member_048""]",1
Nk,Mi 20:00,"[""nk_member_046"",""nk_member_055"",""nk_member_026"",""nk_member_010"",""nk_member_016"",""nk_member_004""]",2026-01-03 20:00:00,2026-01-07,false,false,10.0,[],0
Nk,Mi 20:00,"[""nk_member_046"",""nk_member_055"",""nk_member_026"",""nk_member_010"",""nk_member_016"",""nk_member_077""]",2026-01-04 20:00:00,2026-01-07,false,false,10.0,[],0
Nk,Mi 20:00,"[""nk_member_046"",""nk_member_055"",""nk_member_026"",""nk_member_010"",""nk_member_016"",""nk_member_077"",""nk_member_059""]",2026-01-05 20:00:00,2026-01-07,false,false,10.0,[],0
Nk,Mi 20:00,"[""nk_member_046"",""nk_member_055"",""nk_member_026"",""nk_member_010"",""nk_member_016"",""nk_member_077"",""nk_member_059""]",2026-01-06 20:00:00,2026-01-07,false,false,10.0,[],0
Nk,Mi 20:00,"[""nk_member_046"",""nk_member_055"",""nk_member_026"",""nk_member_010"",""nk_member_016"",""nk_member_077"",""nk_member_059"",""nk_member_080""]",2026-01-07 14:00:00,2026-01-07,false,false,10.0,[],0
Nk,Mi 20:00,"[""nk_member_030"",""nk_member_023"",""nk_member_078"",""nk_member_002""]",2026-01-07 20:00:00,2026-01-14,false,false,10.0,"[""nk_member_048""]",1
Nk,Mi 20:00,"[""nk_member_030"",""nk_member_023"",""nk_member_078"",""nk_member_059"",""nk_member_002""]",2026-01-10 20:00:00,2026-01-14,false,false,10.0,"[""nk_member_048""]",1
Nk,Mi 20:00,"[""nk_member_030"",""nk_member_023"",""nk_member_078"",""nk_member_059"",""nk_member_004"",""nk_member_052"",""nk_member_002""]",2026-01-11 20:00:00,2026-01-14,false,false,10.0,[],0
Nk,Mi 20:00,"[""nk_member_030"",""nk_member_023"",""nk_member_078"",""nk_member_059"",""nk_member_004"",""nk_member_052"",""nk_member_035""]",2026-01-13 20:00:00,2026-01-14,false,false,10.0,[],0
Nk,Mi 20:00,"[""nk_member_030"",""nk_member_023"",""nk_member_078"",""nk_member_059"",""nk_member_004"",""nk_member_052"",""nk_member_035"",""nk_member_024""]",2026-01-14 08:00:00,2026-01-14,false,false,10.0,[],0
Nk,Mi 20:00,"[""nk_member_030"",""nk_member_023"",""nk_member_078"",""nk_member_059"",""nk_member_004"",""nk_member_052"",""nk_member_035"",""nk_member_024"",""nk_member_073""]",2026-01-14 14:00:00,2026-01-14,false,false,10.0,[],0
Nk,Mi 20:00,"[""nk_member_005"",""nk_member_004"",""nk_member_035"",""nk_member_030"",""nk_member_001""]",2026-01-16 08:00:00,2026-01-21,false,false,10.0,"[""nk_member_037""]",1
Nk,Mi 20:00,"[""nk_member_005"",""nk_member_004"",""nk_member_035"",""nk_member_030"",""nk_member_022"",""nk_member_001""]",2026-01-17 20:00:00,2026-01-21,false,false,10.0,"[""nk_member_037""]",1
Nk,Mi 20:00,"[""nk_member_005"",""nk_member_004"",""nk_member_035"",""nk_member_030"",""nk_member_022"",""nk_member_048"",""nk_member_001""]",2026-01-18 20:00:00,2026-01-21,false,false,10.0,[],0
Nk,Mi 20:00,"[""nk_member_005"",""nk_member_004"",""nk_member_035"",""nk_member_030"",""nk_member_022"",""nk_member_048"",""nk_member_074""]",2026-01-19 20:00:00,2026-01-21,false,false,10.0,"[""nk_member_056""]",1
Nk,Mi 20:00,"[""nk_member_005"",""nk_member_004"",""nk_member_035"",""nk_member_030"",""nk_member_022"",""nk_member_048"",""nk_member_074"",""nk_member_036""]",2026-01-20 20:00:00,2026-01-21,false,false,10.0,"[""nk_member_056""]",1
Nk,Mi 20:00,"[""nk_member_005"",""nk_member_004"",""nk_member_035"",""nk_member_030"",""nk_member_022"",""nk_member_048"",""nk_member_074"",""nk_member_036"",""nk_member_021""]",2026-01-21 08:00:00,2026-01-21,false,false,10.0,"[""nk_member_056"",""nk_member_071""]",2
Nk,Mi 20:00,"[""nk_member_005"",""nk_member_004"",""nk_member_035"",""nk_member_030"",""nk_member_022"",""nk_member_048"",""nk_member_074"",""nk_member_036"",""nk_member_021"",""nk_member_063""]",2026-01-21 14:00:00,2026-01-21,false,false,10.0,"[""nk_member_056"",""nk_member_071"",""nk_member_013""]",3
Nk,Mi 20:00,"[""nk_member_008"",""nk_member_035"",""nk_member_036""]",2026-01-21 20:00:00,2026-01-28,false,false,10.0,"[""nk_member_018""]",1
Nk,Mi 20:00,"[""nk_member_008"",""nk_member_035"",""nk_member_038"",""nk_member_036""]",2026-01-23 08:00:00,2026-01-28,false,false,10.0,"[""nk_member_018""]",1
Nk,Mi 20:00,"[""nk_member_008"",""nk_member_035"",""nk_member_038"",""nk_member_032"",""nk_member_036""]",2026-01-24 20:00:00,2026-01-28,false,false,10.0,[],0
Nk,Mi 20:00,"[""nk_member_008"",""nk_member_035"",""nk_member_038"",""nk_member_032"",""nk_member_072""]",2026-01-25 20:00:00,2026-01-28,false,false,10.0,[],0
Nk,Mi 20:00,"[""nk_member_008"",""nk_member_035"",""nk_member_038"",""nk_member_032"",""nk_member_072"",""nk_member_044""]",2026-01-26 20:00:00,2026-01-28,false,false,10.0,[],0
Nk,Mi 20:00,"[""nk_member_008"",""nk_member_035"",""nk_member_038"",""nk_member_032"",""nk_member_072"",""nk_member_044"",""nk_member_064""]",2026-01-27 20:00:00,2026-01-28,false,false,10.0,"[""nk_member_060""]",1
Nk,Mi 20:00,"[""nk_member_008"",""nk_member_035"",""nk_member_038"",""nk_member_032"",""nk_member_072"",""nk_member_044"",""nk_member_064""]",2026-01-28 08:00:00,2026-01-28,false,false,10.0,"[""nk_member_060""]",1
Nk,Mi 20:00,"[""nk_member_040"",""nk_member_005"",""nk_member_066"",""nk_member_031""]",2026-01-28 20:00:00,2026-02-04,false,false,10.0,"[""nk_member_014""]",1
Nk,Mi 20:00,"[""nk_member_040"",""nk_member_005"",""nk_member_066"",""nk_member_069"",""nk_member_031""]",2026-01-30 08:00:00,2026-02-04,false,false,10.0,"[""nk_member_014""]",1
Nk,Mi 20:00,"[""nk_member_040"",""nk_member_005"",""nk_member_066"",""nk_member_069"",""nk_member_006"",""nk_member_031""]",2026-01-31 20:00:00,2026-02-04,false,false,10.0,[],0
Nk,Mi 20:00,"[""nk_member_040"",""nk_member_005"",""nk_member_066"",""nk_member_069"",""nk_member_006"",""nk_member_017""]",2026-02-01 20:00:00,2026-02-04,false,false,10.0,[],0
Nk,Mi 20:00,"[""nk_member_040"",""nk_member_005"",""nk_member_066"",""nk_member_069"",""nk_member_006"",""nk_member_017"",""nk_member_028""]",2026-02-02 20:00:00,2026-02-04,false,false,10.0,[],0
Nk,Mi 20:00,"[""nk_member_040"",""nk_member_005"",""nk_member_066"",""nk_member_069"",""nk_member_006"",""nk_member_017"",""nk_member_028""]",2026-02-03 20:00:00,2026-02-04,false,false,10.0,"[""nk_member_041""]",1
Nk,Mi 20:00,"[""nk_member_040"",""nk_member_005"",""nk_member_066"",""nk_member_069"",""nk_member_006"",""nk_member_017"",""nk_member_028"",""nk_member_020""]",2026-02-04 14:00:00,2026-02-04,false,false,10.0,"[""nk_member_041""]",1
Nk,Mi 20:00,"[""nk_member_007"",""nk_member_059"",""nk_member_026"",""nk_member_051""]",2026-02-04 20:00:00,2026-02-11,false,false,10.0,"[""nk_member_075""]",1
Nk,Mi 20:00,"[""nk_member_007"",""nk_member_059"",""nk_member_026"",""nk_member_001"",""nk_member_051""]",2026-02-07 20:00:00,2026-02-11,false,false,10.0,"[""nk_member_075""]",1
Nk,Mi 20:00,"[""nk_member_007"",""nk_member_059"",""nk_member_026"",""nk_member_001"",""nk_member_017"",""nk_member_076""]",2026-02-08 20:00:00,2026-02-11,false,false,10.0,[],0
Nk,Mi 20:00,"[""nk_member_007"",""nk_member_059"",""nk_member_026"",""nk_member_001"",""nk_member_017"",""nk_member_076"",""nk_member_035""]",2026-02-10 20:00:00,2026-02-11,false,false,10.0,[],0
Nk,Mi 20:00,"[""nk_member_007"",""nk_member_059"",""nk_member_026"",""nk_member_001"",""nk_member_017"",""nk_member_076"",""nk_member_035"",""nk_member_072""]",2026-02-11 14:00:00,2026-02-11,false,false,10.0,[],0
Nk,Mi 20:00,"[""nk_member_008"",""nk_member_003"",""nk_member_020""]",2026-02-11 20:00:00,2026-02-18,false,true,10.0,"[""nk_member_049""]",1
Nk,Mi 20:00,"[""nk_member_008"",""nk_member_003"",""nk_member_002"",""nk_member_020""]",2026-02-13 08:00:00,2026-02-18,false,true,10.0,"[""nk_member_049""]",1
Nk,Mi 20:00,"[""nk_member_008"",""nk_member_003"",""nk_member_002"",""nk_member_020""]",2026-02-15 20:00:00,2026-02-18,false,true,10.0,[],0
Nk,Mi 20:00,"[""nk_member_008"",""nk_member_003"",""nk_member_002"",""nk_member_078""]",2026-02-16 20:00:00,2026-02-18,false,true,10.0,[],0
Nk,Mi 20:00,"[""nk_member_008"",""nk_member_003"",""nk_member_002"",""nk_member_078"",""nk_member_047""]",2026-02-17 20:00:00,2026-02-18,false,true,10.0,[],0
Nk,Mi 20:00,"[""nk_member_008"",""nk_member_003"",""nk_member_002"",""nk_member_078"",""nk_member_047"",""nk_member_061""]",2026-02-18 08:00:00,2026-02-18,false,true,10.0,[],0
Nk,Mi 20:00,"[""nk_member_008"",""nk_member_003"",""nk_member_002"",""nk_member_078"",""nk_member_047"",""nk_member_061""]",2026-02-18 14:00:00,2026-02-18,false,true,10.0,[],0
Nk,Mi 20:00,"[""nk_member_044"",""nk_member_045"",""nk_member_021""]",2026-02-20 08:00:00,2026-02-25,false,false,10.0,"[""nk_member_004""]",1
Nk,Mi 20:00,"[""nk_member_044"",""nk_member_045"",""nk_member_021""]",2026-02-21 20:00:00,2026-02-25,false,false,10.0,"[""nk_member_004""]",1
Nk,Mi 20:00,"[""nk_member_044"",""nk_member_045"",""nk_member_080"",""nk_member_021""]",2026-02-22 20:00:00,2026-02-25,false,false,10.0,[],0
Nk,Mi 20:00,"[""nk_member_044"",""nk_member_045"",""nk_member_080"",""nk_member_002""]",2026-02-23 20:00:00,2026-02-25,false,false,10.0,[],0
Nk,Mi 20:00,"[""nk_member_044"",""nk_member_045"",""nk_member_080"",""nk_member_002""]",2026-02-24 20:00:00,2026-02-25,false,false,10.0,[],0
Nk,Mi 20:00,"[""nk_member_044"",""nk_member_045"",""nk_member_080"",""nk_member_002"",""nk_member_034""]",2026-02-25 08:00:00,2026-02-25,false,false,10.0,[],0
Nk,Mi 20:00,"[""nk_member_044"",""nk_member_045"",""nk_member_080"",""nk_member_002"",""nk_member_034""]",2026-02-25 14:00:00,2026-02-25,false,false,10.0,[],0
Nk,Mi 20:00,"[""nk_member_059"",""nk_member_005"",""nk_member_023"",""nk_member_014""]",2026-02-25 20:00:00,2026-03-04,false,false,10.0,"[""nk_member_021""]",1
Nk,Mi 20:00,"[""nk_member_059"",""nk_member_005"",""nk_member_023"",""nk_member_067"",""nk_member_014""]",2026-02-27 08:00:00,2026-03-04,false,false,10.0,"[""nk_member_021""]",1
Nk,Mi 20:00,"[""nk_member_059"",""nk_member_005"",""nk_member_023"",""nk_member_067"",""nk_member_058"",""nk_member_014""]",2026-02-28 20:00:00,2026-03-04,false,false,10.0,[],0
Nk,Mi 20:00,"[""nk_member_059"",""nk_member_005"",""nk_member_023"",""nk_member_067"",""nk_member_058"",""nk_member_011""]",2026-03-01 20:00:00,2026-03-04,false,false,10.0,[],0
Nk,Mi 20:00,"[""nk_member_059"",""nk_member_005"",""nk_member_023"",""nk_member_067"",""nk_member_058"",""nk_member_011"",""nk_member_022""]",2026-03-04 08:00:00,2026-03-04,false,false,10.0,"[""nk_member_029""]",1
Nk,Mi 20:00,"[""nk_member_059"",""nk_member_005"",""nk_member_023"",""nk_member_067"",""nk_member_058"",""nk_member_011"",""nk_member_022""]",2026-03-04 14:00:00,2026-03-04,false,false,10.0,"[""nk_member_029""]",1
Nk,Mi 20:00,"[""nk_member_048"",""nk_member_057"",""nk_member_058"",""nk_member_032"",""nk_member_076""]",2026-03-06 08:00:00,2026-03-11,false,false,10.0,"[""nk_member_055""]",1
Nk,Mi 20:00,"[""nk_member_048"",""nk_member_057"",""nk_member_058"",""nk_member_032"",""nk_member_046"",""nk_member_076""]",2026-03-08 20:00:00,2026-03-11,false,false,10.0,"[""nk_member_055""]",1
Nk,Mi 20:00,"[""nk_member_048"",""nk_member_057"",""nk_member_058"",""nk_member_032"",""nk_member_046"",""nk_member_072"",""nk_member_038""]",2026-03-09 20:00:00,2026-03-11,false,false,10.0,[],0
Nk,Mi 20:00,"[""nk_member_048"",""nk_member_057"",""nk_member_058"",""nk_member_032"",""nk_member_046"",""nk_member_072"",""nk_member_038"",""nk_member_063"",""nk_member_030""]",2026-03-10 20:00:00,2026-03-11,false,false,10.0,"[""nk_member_052""]",1
Nk,Mi 20:00,"[""nk_member_048"",""nk_member_057"",""nk_member_058"",""nk_member_032"",""nk_member_046"",""nk_member_072"",""nk_member_038"",""nk_member_063"",""nk_member_030"",""nk_member_020""]",2026-03-11 14:00:00,2026-03-11,false,false,10.0,"[""nk_member_052""]",1
Nk,Mi 20:00,"[""nk_member_002"",""nk_member_038"",""nk_member_024""]",2026-03-18 20:00:00,2026-03-25,false,false,10.0,"[""nk_member_051""]",1
Nk,Mi 20:00,"[""nk_member_002"",""nk_member_038"",""nk_member_075"",""nk_member_052"",""nk_member_024""]",2026-03-21 20:00:00,2026-03-25,false,false,10.0,"[""nk_member_051""]",1
Nk,Mi 20:00,"[""nk_member_002"",""nk_member_038"",""nk_member_075"",""nk_member_052"",""nk_member_006""]",2026-03-22 20:00:00,2026-03-25,false,false,10.0,[],0
Nk,Mi 20:00,"[""nk_member_002"",""nk_member_038"",""nk_member_075"",""nk_member_052"",""nk_member_006"",""nk_member_070""]",2026-03-23 20:00:00,2026-03-25,false,false,10.0,[],0
Nk,Mi 20:00,"[""nk_member_002"",""nk_member_038"",""nk_member_075"",""nk_member_052"",""nk_member_006"",""nk_member_070"",""nk_member_031""]",2026-03-25 08:00:00,2026-03-25,false,false,10.0,[],0
Nk,Mi 20:00,"[""nk_member_036"",""nk_member_017"",""nk_member_077"",""nk_member_002""]",2026-03-27 08:00:00,2026-04-01,false,true,10.0,"[""nk_member_054""]",1
Nk,Mi 20:00,"[""nk_member_036"",""nk_member_017"",""nk_member_077"",""nk_member_043"",""nk_member_002""]",2026-03-28 20:00:00,2026-04-01,false,true,10.0,"[""nk_member_054""]",1
Nk,Mi 20:00,"[""nk_member_036"",""nk_member_017"",""nk_member_077"",""nk_member_043"",""nk_member_056"",""nk_member_002""]",2026-03-29 20:00:00,2026-04-01,false,true,10.0,[],0
Nk,Mi 20:00,"[""nk_member_036"",""nk_member_017"",""nk_member_077"",""nk_member_043"",""nk_member_056"",""nk_member_050""]",2026-03-31 20:00:00,2026-04-01,false,true,10.0,[],0
Nk,Mi 20:00,"[""nk_member_036"",""nk_member_017"",""nk_member_077"",""nk_member_043"",""nk_member_056"",""nk_member_050"",""nk_member_060""]",2026-04-01 08:00:00,2026-04-01,false,true,10.0,[],0
Nk,Mi 20:00,"[""nk_member_036"",""nk_member_017"",""nk_member_077"",""nk_member_043"",""nk_member_056"",""nk_member_050"",""nk_member_060"",""nk_member_059""]",2026-04-01 20:00:00,2026-04-01,false,true,10.0,[],0
Nk,Mi 20:00,"[""nk_member_032"",""nk_member_077"",""nk_member_053"",""nk_member_068""]",2026-04-01 20:00:00,2026-04-08,false,false,10.0,"[""nk_member_019""]",1
Nk,Mi 20:00,"[""nk_member_032"",""nk_member_077"",""nk_member_053"",""nk_member_037"",""nk_member_068""]",2026-04-04 20:00:00,2026-04-08,false,false,10.0,"[""nk_member_019""]",1
Nk,Mi 20:00,"[""nk_member_032"",""nk_member_077"",""nk_member_053"",""nk_member_037"",""nk_member_039"",""nk_member_038"",""nk_member_068""]",2026-04-05 20:00:00,2026-04-08,false,false,10.0,[],0
Nk,Mi 20:00,"[""nk_member_032"",""nk_member_077"",""nk_member_053"",""nk_member_037"",""nk_member_039"",""nk_member_038"",""nk_member_005""]",2026-04-06 20:00:00,2026-04-08,false,false,10.0,[],0
Nk,Mi 20:00,"[""nk_member_032"",""nk_member_077"",""nk_member_053"",""nk_member_037"",""nk_member_039"",""nk_member_038"",""nk_member_005"",""nk_member_003""]",2026-04-07 20:00:00,2026-04-08,false,false,10.0,[],0
Nk,Mi 20:00,"[""nk_member_032"",""nk_member_077"",""nk_member_053"",""nk_member_037"",""nk_member_039"",""nk_member_038"",""nk_member_005"",""nk_member_003"",""nk_member_078""]",2026-04-08 08:00:00,2026-04-08,false,false,10.0,[],0
Nk,Mi 20:00,"[""nk_member_005"",""nk_member_080"",""nk_member_046"",""nk_member_026"",""nk_member_070""]",2026-04-10 08:00:00,2026-04-15,false,false,10.0,"[""nk_member_019""]",1
Nk,Mi 20:00,"[""nk_member_005"",""nk_member_080"",""nk_member_046"",""nk_member_026"",""nk_member_014"",""nk_member_070""]",2026-04-11 20:00:00,2026-04-15,false,false,10.0,"[""nk_member_019""]",1
Nk,Mi 20:00,"[""nk_member_005"",""nk_member_080"",""nk_member_046"",""nk_member_026"",""nk_member_014"",""nk_member_063"",""nk_member_070""]",2026-04-12 20:00:00,2026-04-15,false,false,10.0,[],0
Nk,Mi 20:00,"[""nk_member_005"",""nk_member_080"",""nk_member_046"",""nk_member_026"",""nk_member_014"",""nk_member_063"",""nk_member_059"",""nk_member_015""]",2026-04-13 20:00:00,2026-04-15,false,false,10.0,"[""nk_member_007""]",1
Nk,Mi 20:00,"[""nk_member_005"",""nk_member_080"",""nk_member_046"",""nk_member_026"",""nk_member_014"",""nk_member_063"",""nk_member_059"",""nk_member_015"",""nk_member_072""]",2026-04-14 20:00:00,2026-04-15,false,false,10.0,"[""nk_member_007""]",1
Nk,Mi 20:00,"[""nk_member_005"",""nk_member_080"",""nk_member_046"",""nk_member_026"",""nk_member_014"",""nk_member_063"",""nk_member_059"",""nk_member_015"",""nk_member_072"",""nk_member_041""]",2026-04-15 14:00:00,2026-04-15,false,false,10.0,"[""nk_member_007"",""nk_member_071""]",2
Nk,Mi 20:00,"[""nk_member_026"",""nk_member_015"",""nk_member_063"",""nk_member_062""]",2026-04-17 08:00:00,2026-04-22,false,false,10.0,"[""nk_member_064""]",1
Nk,Mi 20:00,"[""nk_member_026"",""nk_member_015"",""nk_member_063"",""nk_member_004"",""nk_member_062""]",2026-04-18 20:00:00,2026-04-22,false,false,10.0,"[""nk_member_064""]",1
Nk,Mi 20:00,"[""nk_member_026"",""nk_member_015"",""nk_member_063"",""nk_member_004"",""nk_member_079"",""nk_member_062""]",2026-04-19 20:00:00,2026-04-22,false,false,10.0,[],0
Nk,Mi 20:00,"[""nk_member_026"",""nk_member_015"",""nk_member_063"",""nk_member_004"",""nk_member_079"",""nk_member_024""]",2026-04-20 20:00:00,2026-04-22,false,false,10.0,[],0
Nk,Mi 20:00,"[""nk_member_026"",""nk_member_015"",""nk_member_063"",""nk_member_004"",""nk_member_079"",""nk_member_024"",""nk_member_074""]",2026-04-21 20:00:00,2026-04-22,false,false,10.0,[],0
Nk,Mi 20:00,"[""nk_member_026"",""nk_member_015"",""nk_member_063"",""nk_member_004"",""nk_member_079"",""nk_member_024"",""nk_member_074""]",2026-04-22 08:00:00,2026-04-22,false,false,10.0,[],0
Nk,Mi 20:00,"[""nk_member_026"",""nk_member_015"",""nk_member_063"",""nk_member_004"",""nk_member_079"",""nk_member_024"",""nk_member_074"",""nk_member_040""]",2026-04-22 14:00:00,2026-04-22,false,false,10.0,[],0
Nk,Mi 20:00,"[""nk_member_016"",""nk_member_043"",""nk_member_005""]",2026-04-22 20:00:00,2026-04-29,false,true,10.0,"[""nk_member_007""]",1
Nk,Mi 20:00,"[""nk_member_016"",""nk_member_043"",""nk_member_038"",""nk_member_005""]",2026-04-25 20:00:00,2026-04-29,false,true,10.0,"[""nk_member_007""]",1
Nk,Mi 20:00,"[""nk_member_016"",""nk_member_043"",""nk_member_038"",""nk_member_073"",""nk_member_005""]",2026-04-26 20:00:00,2026-04-29,false,true,10.0,[],0
Nk,Mi 20:00,"[""nk_member_016"",""nk_member_043"",""nk_member_038"",""nk_member_073"",""nk_member_012""]",2026-04-28 20:00:00,2026-04-29,false,true,10.0,"[""nk_member_011""]",1
Nk,Mi 20:00,"[""nk_member_016"",""nk_member_043"",""nk_member_038"",""nk_member_073"",""nk_member_012""]",2026-04-29 08:00:00,2026-04-29,false,true,10.0,"[""nk_member_011""]",1
Nk,Mi 20:00,"[""nk_member_016"",""nk_member_043"",""nk_member_038"",""nk_member_073"",""nk_member_012"",""nk_member_002""]",2026-04-29 14:00:00,2026-04-29,false,true,10.0,"[""nk_member_011"",""nk_member_032""]",2
Nk,Mi 20:00,"[""nk_member_023"",""nk_member_069"",""nk_member_028"",""nk_member_061"",""nk_member_009""]",2026-04-29 20:00:00,2026-05-06,false,false,10.0,"[""nk_member_059""]",1
Nk,Mi 20:00,"[""nk_member_023"",""nk_member_069"",""nk_member_028"",""nk_member_061"",""nk_member_054"",""nk_member_009""]",2026-05-02 20:00:00,2026-05-06,false,false,10.0,"[""nk_member_059""]",1
Nk,Mi 20:00,"[""nk_member_023"",""nk_member_069"",""nk_member_028"",""nk_member_061"",""nk_member_054"",""nk_member_077"",""nk_member_009""]",2026-05-03 20:00:00,2026-05-06,false,false,10.0,[],0
Nk,Mi 20:00,"[""nk_member_023"",""nk_member_069"",""nk_member_028"",""nk_member_061"",""nk_member_054"",""nk_member_077"",""nk_member_049""]",2026-05-04 20:00:00,2026-05-06,false,false,10.0,[],0
Nk,Mi 20:00,"[""nk_member_023"",""nk_member_069"",""nk_member_028"",""nk_member_061"",""nk_member_054"",""nk_member_077"",""nk_member_049"",""nk_member_034""]",2026-05-05 20:00:00,2026-05-06,false,false,10.0,[],0
Nk,Mi 20:00,"[""nk_member_023"",""nk_member_069"",""nk_member_028"",""nk_member_061"",""nk_member_054"",""nk_member_077"",""nk_member_049"",""nk_member_034"",""nk_member_050""]",2026-05-06 08:00:00,2026-05-06,false,false,10.0,"[""nk_member_011""]",1
Nk,Mi 20:00,"[""nk_member_023"",""nk_member_069"",""nk_member_028"",""nk_member_061"",""nk_member_054"",""nk_member_077"",""nk_member_049"",""nk_member_034"",""nk_member_050"",""nk_member_036""]",2026-05-06 14:00:00,2026-05-06,false,false,10.0,"[""nk_member_011""]",1
Nk,Mi 20:00,"[""nk_member_049"",""nk_member_069"",""nk_member_046"",""nk_member_007""]",2026-05-06 20:00:00,2026-05-13,false,false,10.0,"[""nk_member_038""]",1
Nk,Mi 20:00,"[""nk_member_049"",""nk_member_069"",""nk_member_046"",""nk_member_079"",""nk_member_007""]",2026-05-09 20:00:00,2026-05-13,false,false,10.0,"[""nk_member_038""]",1
Nk,Mi 20:00,"[""nk_member_049"",""nk_member_069"",""nk_member_046"",""nk_member_079"",""nk_member_007""]",2026-05-10 20:00:00,2026-05-13,false,false,10.0,"[""nk_member_038""]",1
Nk,Mi 20:00,"[""nk_member_049"",""nk_member_069"",""nk_member_046"",""nk_member_079"",""nk_member_035"",""nk_member_007""]",2026-05-11 20:00:00,2026-05-13,false,false,10.0,[],0
Nk,Mi 20:00,"[""nk_member_049"",""nk_member_069"",""nk_member_046"",""nk_member_079"",""nk_member_035"",""nk_member_068""]",2026-05-12 20:00:00,2026-05-13,false,false,10.0,[],0
Nk,Mi 20:00,"[""nk_member_049"",""nk_member_069"",""nk_member_046"",""nk_member_079"",""nk_member_035"",""nk_member_068"",""nk_member_074""]",2026-05-13 08:00:00,2026-05-13,false,false,10.0,"[""nk_member_028""]",1
Nk,Mi 20:00,"[""nk_member_049"",""nk_member_069"",""nk_member_046"",""nk_member_079"",""nk_member_035"",""nk_member_068"",""nk_member_074"",""nk_member_045""]",2026-05-13 14:00:00,2026-05-13,false,false,10.0,"[""nk_member_028""]",1
Nk,Mi 20:00,"[""nk_member_049"",""nk_member_069"",""nk_member_046"",""nk_member_079"",""nk_member_035"",""nk_member_068"",""nk_member_074"",""nk_member_045""]",2026-05-13 22:00:00,2026-05-13,false,false,10.0,"[""nk_member_028""]",1
Nk,Mi 20:00,"[""nk_member_043"",""nk_member_017"",""nk_member_025"",""nk_member_073""]",2026-05-13 20:00:00,2026-05-20,false,false,10.0,"[""nk_member_048""]",1
Nk,Mi 20:00,"[""nk_member_043"",""nk_member_017"",""nk_member_025"",""nk_member_023"",""nk_member_073""]",2026-05-15 08:00:00,2026-05-20,false,false,10.0,"[""nk_member_048""]",1
Nk,Mi 20:00,"[""nk_member_043"",""nk_member_017"",""nk_member_025"",""nk_member_023"",""nk_member_044"",""nk_member_073""]",2026-05-16 20:00:00,2026-05-20,false,false,10.0,[],0
Nk,Mi 20:00,"[""nk_member_043"",""nk_member_017"",""nk_member_025"",""nk_member_023"",""nk_member_044"",""nk_member_076""]",2026-05-17 20:00:00,2026-05-20,false,false,10.0,[],0
Nk,Mi 20:00,"[""nk_member_043"",""nk_member_017"",""nk_member_025"",""nk_member_023"",""nk_member_044"",""nk_member_076"",""nk_member_004""]",2026-05-19 20:00:00,2026-05-20,false,false,10.0,"[""nk_member_018""]",1
Nk,Mi 20:00,"[""nk_member_043"",""nk_member_017"",""nk_member_025"",""nk_member_023"",""nk_member_044"",""nk_member_076"",""nk_member_004""]",2026-05-20 08:00:00,2026-05-20,false,false,10.0,"[""nk_member_018""]",1
Nk,Mi 20:00,"[""nk_member_043"",""nk_member_017"",""nk_member_025"",""nk_member_023"",""nk_member_044"",""nk_member_076"",""nk_member_004"",""nk_member_014""]",2026-05-20 14:00:00,2026-05-20,false,false,10.0,"[""nk_member_018"",""nk_member_038""]",2
Nk,Mi 20:00,"[""nk_member_073"",""nk_member_004"",""nk_member_074"",""nk_member_024""]",2026-05-20 20:00:00,2026-05-27,false,false,10.0,"[""nk_member_041""]",1
Nk,Mi 20:00,"[""nk_member_073"",""nk_member_004"",""nk_member_074"",""nk_member_070"",""nk_member_024""]",2026-05-22 08:00:00,2026-05-27,false,false,10.0,"[""nk_member_041""]",1
Nk,Mi 20:00,"[""nk_member_073"",""nk_member_004"",""nk_member_074"",""nk_member_070"",""nk_member_063"",""nk_member_024""]",2026-05-23 20:00:00,2026-05-27,false,false,10.0,[],0
Nk,Mi 20:00,"[""nk_member_073"",""nk_member_004"",""nk_member_074"",""nk_member_070"",""nk_member_063"",""nk_member_008""]",2026-05-24 20:00:00,2026-05-27,false,false,10.0,[],0
Nk,Mi 20:00,"[""nk_member_073"",""nk_member_004"",""nk_member_074"",""nk_member_070"",""nk_member_063"",""nk_member_008"",""nk_member_023""]",2026-05-25 20:00:00,2026-05-27,false,false,10.0,[],0
Nk,Mi 20:00,"[""nk_member_073"",""nk_member_004"",""nk_member_074"",""nk_member_070"",""nk_member_063"",""nk_member_008"",""nk_member_023"",""nk_member_069""]",2026-05-26 20:00:00,2026-05-27,false,false,10.0,[],0
Nk,Mi 20:00,"[""nk_member_073"",""nk_member_004"",""nk_member_074"",""nk_member_070"",""nk_member_063"",""nk_member_008"",""nk_member_023"",""nk_member_069"",""nk_member_039""]",2026-05-27 08:00:00,2026-05-27,false,false,10.0,[],0
Nk,Mi 20:00,"[""nk_member_011"",""nk_member_013"",""nk_member_054"",""nk_member_060""]",2026-05-27 20:00:00,2026-06-03,false,false,10.0,"[""nk_member_036""]",1
Nk,Mi 20:00,"[""nk_member_011"",""nk_member_013"",""nk_member_054"",""nk_member_005"",""nk_member_060""]",2026-05-30 20:00:00,2026-06-03,false,false,10.0,"[""nk_member_036""]",1
Nk,Mi 20:00,"[""nk_member_011"",""nk_member_013"",""nk_member_054"",""nk_member_005"",""nk_member_073"",""nk_member_060""]",2026-05-31 20:00:00,2026-06-03,false,false,10.0,[],0
Nk,Mi 20:00,"[""nk_member_011"",""nk_member_013"",""nk_member_054"",""nk_member_005"",""nk_member_073"",""nk_member_075""]",2026-06-01 20:00:00,2026-06-03,false,false,10.0,[],0
Nk,Mi 20:00,"[""nk_member_011"",""nk_member_013"",""nk_member_054"",""nk_member_005"",""nk_member_073"",""nk_member_075"",""nk_member_009""]",2026-06-02 20:00:00,2026-06-03,false,false,10.0,[],0
Nk,Mi 20:00,"[""nk_member_011"",""nk_member_013"",""nk_member_054"",""nk_member_005"",""nk_member_073"",""nk_member_075"",""nk_member_009""]",2026-06-03 08:00:00,2026-06-03,false,false,10.0,[],0
Nk,Mi 20:00,"[""nk_member_011"",""nk_member_013"",""nk_member_054"",""nk_member_005"",""nk_member_073"",""nk_member_075"",""nk_member_009"",""nk_member_045""]",2026-06-03 14:00:00,2026-06-03,false,false,10.0,[],0
Nk,Mo 18:00,"[""nk_member_069"",""nk_member_030"",""nk_member_034"",""nk_member_040"",""nk_member_048"",""nk_member_055""]",2025-12-29 18:00:00,2026-01-05,false,false,14.0,"[""nk_member_049""]",1
Nk,Mo 18:00,"[""nk_member_069"",""nk_member_030"",""nk_member_034"",""nk_member_040"",""nk_member_048"",""nk_member_007"",""nk_member_027"",""nk_member_055""]",2026-01-01 18:00:00,2026-01-05,false,false,14.0,"[""nk_member_049""]",1
Nk,Mo 18:00,"[""nk_member_069"",""nk_member_030"",""nk_member_034"",""nk_member_040"",""nk_member_048"",""nk_member_007"",""nk_member_027"",""nk_member_058"",""nk_member_080"",""nk_member_020""]",2026-01-02 18:00:00,2026-01-05,false,false,14.0,"[""nk_member_025""]",1
Nk,Mo 18:00,"[""nk_member_069"",""nk_member_030"",""nk_member_034"",""nk_member_040"",""nk_member_048"",""nk_member_007"",""nk_member_027"",""nk_member_058"",""nk_member_080"",""nk_member_020"",""nk_member_022"",""nk_member_006""]",2026-01-03 18:00:00,2026-01-05,false,false,14.0,"[""nk_member_025"",""nk_member_031""]",2
Nk,Mo 18:00,"[""nk_member_069"",""nk_member_030"",""nk_member_034"",""nk_member_040"",""nk_member_048"",""nk_member_007"",""nk_member_027"",""nk_member_058"",""nk_member_080"",""nk_member_020"",""nk_member_022"",""nk_member_006"",""nk_member_010"",""nk_member_028""]",2026-01-04 18:00:00,2026-01-05,false,false,14.0,"[""nk_member_025"",""nk_member_031"",""nk_member_016""]",3
Nk,Mo 18:00,"[""nk_member_078"",""nk_member_049"",""nk_member_073"",""nk_member_038"",""nk_member_018"",""nk_member_020""]",2026-01-05 18:00:00,2026-01-12,false,false,14.0,"[""nk_member_032""]",1
Nk,Mo 18:00,"[""nk_member_078"",""nk_member_049"",""nk_member_073"",""nk_member_038"",""nk_member_018"",""nk_member_068"",""nk_member_061"",""nk_member_020""]",2026-01-07 06:00:00,2026-01-12,false,false,14.0,"[""nk_member_032""]",1
Nk,Mo 18:00,"[""nk_member_078"",""nk_member_049"",""nk_member_073"",""nk_member_038"",""nk_member_018"",""nk_member_068"",""nk_member_061"",""nk_member_074"",""nk_member_020""]",2026-01-08 18:00:00,2026-01-12,false,false,14.0,[],0
Nk,Mo 18:00,"[""nk_member_078"",""nk_member_049"",""nk_member_073"",""nk_member_038"",""nk_member_018"",""nk_member_068"",""nk_member_061"",""nk_member_074"",""nk_member_075"",""nk_member_033""]",2026-01-09 18:00:00,2026-01-12,false,false,14.0,[],0
Nk,Mo 18:00,"[""nk_member_078"",""nk_member_049"",""nk_member_073"",""nk_member_038"",""nk_member_018"",""nk_member_068"",""nk_member_061"",""nk_member_074"",""nk_member_075"",""nk_member_033"",""nk_member_065""]",2026-01-10 18:00:00,2026-01-12,false,false,14.0,[],0
Nk,Mo 18:00,"[""nk_member_078"",""nk_member_049"",""nk_member_073"",""nk_member_038"",""nk_member_018"",""nk_member_068"",""nk_member_061"",""nk_member_074"",""nk_member_075"",""nk_member_033"",""nk_member_065"",""nk_member_013"",""nk_member_016""]",2026-01-11 18:00:00,2026-01-12,false,false,14.0,[],0
Nk,Mo 18:00,"[""nk_member_078"",""nk_member_049"",""nk_member_073"",""nk_member_038"",""nk_member_018"",""nk_member_068"",""nk_member_061"",""nk_member_074"",""nk_member_075"",""nk_member_033"",""nk_member_065"",""nk_member_013"",""nk_member_016"",""nk_member_069""]",2026-01-12 06:00:00,2026-01-12,false,false,14.0,[],0
Nk,Mo 18:00,"[""nk_member_038"",""nk_member_036"",""nk_member_052"",""nk_member_014"",""nk_member_042"",""nk_member_004""]",2026-01-12 18:00:00,2026-01-19,false,false,14.0,"[""nk_member_069""]",1
Nk,Mo 18:00,"[""nk_member_038"",""nk_member_036"",""nk_member_052"",""nk_member_014"",""nk_member_042"",""nk_member_026"",""nk_member_055"",""nk_member_004""]",2026-01-15 18:00:00,2026-01-19,false,false,14.0,"[""nk_member_069""]",1
Nk,Mo 18:00,"[""nk_member_038"",""nk_member_036"",""nk_member_052"",""nk_member_014"",""nk_member_042"",""nk_member_026"",""nk_member_055"",""nk_member_066"",""nk_member_004""]",2026-01-17 18:00:00,2026-01-19,false,false,14.0,[],0
Nk,Mo 18:00,"[""nk_member_038"",""nk_member_036"",""nk_member_052"",""nk_member_014"",""nk_member_042"",""nk_member_026"",""nk_member_055"",""nk_member_066"",""nk_member_043"",""nk_member_035""]",2026-01-18 18:00:00,2026-01-19,false,false,14.0,[],0
Nk,Mo 18:00,"[""nk_member_038"",""nk_member_036"",""nk_member_052"",""nk_member_014"",""nk_member_042"",""nk_member_026"",""nk_member_055"",""nk_member_066"",""nk_member_043"",""nk_member_035"",""nk_member_045""]",2026-01-19 06:00:00,2026-01-19,false,false,14.0,[],0
Nk,Mo 18:00,"[""nk_member_038"",""nk_member_036"",""nk_member_052"",""nk_member_014"",""nk_member_042"",""nk_member_026"",""nk_member_055"",""nk_member_066"",""nk_member_043"",""nk_member_035"",""nk_member_045"",""nk_member_068"",""nk_member_071""]",2026-01-19 12:00:00,2026-01-19,false,false,14.0,[],0
Nk,Mo 18:00,"[""nk_member_038"",""nk_member_036"",""nk_member_052"",""nk_member_014"",""nk_member_042"",""nk_member_026"",""nk_member_055"",""nk_member_066"",""nk_member_043"",""nk_member_035"",""nk_member_045"",""nk_member_068"",""nk_member_071"",""nk_member_016""]",2026-01-19 18:00:00,2026-01-19,false,false,14.0,[],0
Nk,Mo 18:00,"[""nk_member_061"",""nk_member_073"",""nk_member_020"",""nk_member_058"",""nk_member_033"",""nk_member_032""]",2026-01-19 18:00:00,2026-01-26,false,false,14.0,"[""nk_member_043""]",1
Nk,Mo 18:00,"[""nk_member_061"",""nk_member_073"",""nk_member_020"",""nk_member_058"",""nk_member_033"",""nk_member_072"",""nk_member_077"",""nk_member_032""]",2026-01-21 06:00:00,2026-01-26,false,false,14.0,"[""nk_member_043""]",1
Nk,Mo 18:00,"[""nk_member_061"",""nk_member_073"",""nk_member_020"",""nk_member_058"",""nk_member_033"",""nk_member_072"",""nk_member_077"",""nk_member_038"",""nk_member_037"",""nk_member_079""]",2026-01-24 18:00:00,2026-01-26,false,false,14.0,[],0
Nk,Mo 18:00,"[""nk_member_061"",""nk_member_073"",""nk_member_020"",""nk_member_058"",""nk_member_033"",""nk_member_072"",""nk_member_077"",""nk_member_038"",""nk_member_037"",""nk_member_079"",""nk_member_025"",""nk_member_053""]",2026-01-25 18:00:00,2026-01-26,false,false,14.0,"[""nk_member_016""]",1
Nk,Mo 18:00,"[""nk_member_061"",""nk_member_073"",""nk_member_020"",""nk_member_058"",""nk_member_033"",""nk_member_072"",""nk_member_077"",""nk_member_038"",""nk_member_037"",""nk_member_079"",""nk_member_025"",""nk_member_053"",""nk_member_046"",""nk_member_019""]",2026-01-26 06:00:00,2026-01-26,false,false,14.0,"[""nk_member_016"",""nk_member_066""]",2
Nk,Mo 18:00,"[""nk_member_042"",""nk_member_054"",""nk_member_030"",""nk_member_049"",""nk_member_036"",""nk_member_044""]",2026-01-28 06:00:00,2026-02-02,false,false,14.0,"[""nk_member_028""]",1
Nk,Mo 18:00,"[""nk_member_042"",""nk_member_054"",""nk_member_030"",""nk_member_049"",""nk_member_036"",""nk_member_022"",""nk_member_057"",""nk_member_044""]",2026-01-29 18:00:00,2026-02-02,false,false,14.0,"[""nk_member_028""]",1
Nk,Mo 18:00,"[""nk_member_042"",""nk_member_054"",""nk_member_030"",""nk_member_049"",""nk_member_036"",""nk_member_022"",""nk_member_057"",""nk_member_069"",""nk_member_026"",""nk_member_044""]",2026-01-31 18:00:00,2026-02-02,false,false,14.0,[],0
Nk,Mo 18:00,"[""nk_member_042"",""nk_member_054"",""nk_member_030"",""nk_member_049"",""nk_member_036"",""nk_member_022"",""nk_member_057"",""nk_member_069"",""nk_member_026"",""nk_member_015"",""nk_member_025""]",2026-02-01 18:00:00,2026-02-02,false,false,14.0,"[""nk_member_018"",""nk_member_035""]",2
Nk,Mo 18:00,"[""nk_member_042"",""nk_member_054"",""nk_member_030"",""nk_member_049"",""nk_member_036"",""nk_member_022"",""nk_member_057"",""nk_member_069"",""nk_member_026"",""nk_member_015"",""nk_member_025"",""nk_member_061"",""nk_member_071""]",2026-02-02 06:00:00,2026-02-02,false,false,14.0,"[""nk_member_018"",""nk_member_035"",""nk_member_008""]",3
Nk,Mo 18:00,"[""nk_member_042"",""nk_member_054"",""nk_member_030"",""nk_member_049"",""nk_member_036"",""nk_member_022"",""nk_member_057"",""nk_member_069"",""nk_member_026"",""nk_member_015"",""nk_member_025"",""nk_member_061"",""nk_member_071"",""nk_member_034""]",2026-02-02 12:00:00,2026-02-02,false,false,14.0,"[""nk_member_018"",""nk_member_035"",""nk_member_008"",""nk_member_072""]",4
Nk,Mo 18:00,"[""nk_member_002"",""nk_member_059"",""nk_member_056"",""nk_member_013"",""nk_member_045"",""nk_member_027""]",2026-02-02 18:00:00,2026-02-09,false,false,14.0,"[""nk_member_077""]",1
Nk,Mo 18:00,"[""nk_member_002"",""nk_member_059"",""nk_member_056"",""nk_member_013"",""nk_member_045"",""nk_member_064"",""nk_member_072"",""nk_member_027""]",2026-02-05 18:00:00,2026-02-09,false,false,14.0,"[""nk_member_077""]",1
Nk,Mo 18:00,"[""nk_member_002"",""nk_member_059"",""nk_member_056"",""nk_member_013"",""nk_member_045"",""nk_member_064"",""nk_member_072"",""nk_member_078"",""nk_member_009"",""nk_member_001""]",2026-02-06 18:00:00,2026-02-09,false,false,14.0,[],0
Nk,Mo 18:00,"[""nk_member_002"",""nk_member_059"",""nk_member_056"",""nk_member_013"",""nk_member_045"",""nk_member_064"",""nk_member_072"",""nk_member_078"",""nk_member_009"",""nk_member_001"",""nk_member_053"",""nk_member_029""]",2026-02-07 18:00:00,2026-02-09,false,false,14.0,[],0
Nk,Mo 18:00,"[""nk_member_002"",""nk_member_059"",""nk_member_056"",""nk_member_013"",""nk_member_045"",""nk_member_064"",""nk_member_072"",""nk_member_078"",""nk_member_009"",""nk_member_001"",""nk_member_053"",""nk_member_029"",""nk_member_074"",""nk_member_076""]",2026-02-08 18:00:00,2026-02-09,false,false,14.0,[],0
Nk,Mo 18:00,"[""nk_member_062"",""nk_member_044"",""nk_member_053"",""nk_member_037"",""nk_member_068"",""nk_member_070""]",2026-02-09 18:00:00,2026-02-16,false,true,14.0,"[""nk_member_034""]",1
Nk,Mo 18:00,"[""nk_member_062"",""nk_member_044"",""nk_member_053"",""nk_member_037"",""nk_member_068"",""nk_member_013"",""nk_member_070""]",2026-02-11 06:00:00,2026-02-16,false,true,14.0,"[""nk_member_034""]",1
Nk,Mo 18:00,"[""nk_member_062"",""nk_member_044"",""nk_member_053"",""nk_member_037"",""nk_member_068"",""nk_member_013"",""nk_member_035"",""nk_member_079"",""nk_member_070""]",2026-02-12 18:00:00,2026-02-16,false,true,14.0,[],0
Nk,Mo 18:00,"[""nk_member_062"",""nk_member_044"",""nk_member_053"",""nk_member_037"",""nk_member_068"",""nk_member_013"",""nk_member_035"",""nk_member_079"",""nk_member_050"",""nk_member_009""]",2026-02-13 18:00:00,2026-02-16,false,true,14.0,[],0
Nk,Mo 18:00,"[""nk_member_062"",""nk_member_044"",""nk_member_053"",""nk_member_037"",""nk_member_068"",""nk_member_013"",""nk_member_035"",""nk_member_079"",""nk_member_050"",""nk_member_009"",""nk_member_028"",""nk_member_022""]",2026-02-15 18:00:00,2026-02-16,false,true,14.0,[],0
Nk,Mo 18:00,"[""nk_member_062"",""nk_member_044"",""nk_member_053"",""nk_member_037"",""nk_member_068"",""nk_member_013"",""nk_member_035"",""nk_member_079"",""nk_member_050"",""nk_member_009"",""nk_member_028"",""nk_member_022"",""nk_member_056""]",2026-02-16 06:00:00,2026-02-16,false,true,14.0,[],0
Nk,Mo 18:00,"[""nk_member_054"",""nk_member_031"",""nk_member_070"",""nk_member_007"",""nk_member_055"",""nk_member_002""]",2026-02-16 18:00:00,2026-02-23,false,false,14.0,"[""nk_member_078""]",1
Nk,Mo 18:00,"[""nk_member_054"",""nk_member_031"",""nk_member_070"",""nk_member_007"",""nk_member_055"",""nk_member_003"",""nk_member_075"",""nk_member_002""]",2026-02-18 06:00:00,2026-02-23,false,false,14.0,"[""nk_member_078""]",1
Nk,Mo 18:00,"[""nk_member_054"",""nk_member_031"",""nk_member_070"",""nk_member_007"",""nk_member_055"",""nk_member_003"",""nk_member_075"",""nk_member_032"",""nk_member_002""]",2026-02-19 18:00:00,2026-02-23,false,false,14.0,[],0
Nk,Mo 18:00,"[""nk_member_054"",""nk_member_031"",""nk_member_070"",""nk_member_007"",""nk_member_055"",""nk_member_003"",""nk_member_075"",""nk_member_032"",""nk_member_045"",""nk_member_064""]",2026-02-20 18:00:00,2026-02-23,false,false,14.0,"[""nk_member_048""]",1
Nk,Mo 18:00,"[""nk_member_054"",""nk_member_031"",""nk_member_070"",""nk_member_007"",""nk_member_055"",""nk_member_003"",""nk_member_075"",""nk_member_032"",""nk_member_045"",""nk_member_064"",""nk_member_063""]",2026-02-21 18:00:00,2026-02-23,false,false,14.0,"[""nk_member_048""]",1
Nk,Mo 18:00,"[""nk_member_054"",""nk_member_031"",""nk_member_070"",""nk_member_007"",""nk_member_055"",""nk_member_003"",""nk_member_075"",""nk_member_032"",""nk_member_045"",""nk_member_064"",""nk_member_063"",""nk_member_009"",""nk_member_074""]",2026-02-22 18:00:00,2026-02-23,false,false,14.0,"[""nk_member_048"",""nk_member_017""]",2
Nk,Mo 18:00,"[""nk_member_054"",""nk_member_031"",""nk_member_070"",""nk_member_007"",""nk_member_055"",""nk_member_003"",""nk_member_075"",""nk_member_032"",""nk_member_045"",""nk_member_064"",""nk_member_063"",""nk_member_009"",""nk_member_074"",""nk_member_067""]",2026-02-23 06:00:00,2026-02-23,false,false,14.0,"[""nk_member_048"",""nk_member_017"",""nk_member_042""]",3
Nk,Mo 18:00,"[""nk_member_059"",""nk_member_038"",""nk_member_029"",""nk_member_002"",""nk_member_022"",""nk_member_072""]",2026-02-23 18:00:00,2026-03-02,false,false,14.0,"[""nk_member_076""]",1
Nk,Mo 18:00,"[""nk_member_059"",""nk_member_038"",""nk_member_029"",""nk_member_002"",""nk_member_022"",""nk_member_028"",""nk_member_006"",""nk_member_072""]",2026-02-25 06:00:00,2026-03-02,false,false,14.0,"[""nk_member_076""]",1
Nk,Mo 18:00,"[""nk_member_059"",""nk_member_038"",""nk_member_029"",""nk_member_002"",""nk_member_022"",""nk_member_028"",""nk_member_006"",""nk_member_001"",""nk_member_064"",""nk_member_027""]",2026-02-27 18:00:00,2026-03-02,false,false,14.0,"[""nk_member_043""]",1
Nk,Mo 18:00,"[""nk_member_059"",""nk_member_038"",""nk_member_029"",""nk_member_002"",""nk_member_022"",""nk_member_028"",""nk_member_006"",""nk_member_001"",""nk_member_064"",""nk_member_027"",""nk_member_031"",""nk_member_060""]",2026-02-28 18:00:00,2026-03-02,false,false,14.0,"[""nk_member_043"",""nk_member_020""]",2
Nk,Mo 18:00,"[""nk_member_059"",""nk_member_038"",""nk_member_029"",""nk_member_002"",""nk_member_022"",""nk_member_028"",""nk_member_006"",""nk_member_001"",""nk_member_064"",""nk_member_027"",""nk_member_031"",""nk_member_060"",""nk_member_078"",""nk_member_069""]",2026-03-02 06:00:00,2026-03-02,false,false,14.0,"[""nk_member_043"",""nk_member_020"",""nk_member_063"",""nk_member_005""]",4
Nk,Mo 18:00,"[""nk_member_017"",""nk_member_068"",""nk_member_035"",""nk_member_031"",""nk_member_050"",""nk_member_022""]",2026-03-02 18:00:00,2026-03-09,false,false,14.0,"[""nk_member_058""]",1
Nk,Mo 18:00,"[""nk_member_017"",""nk_member_068"",""nk_member_035"",""nk_member_031"",""nk_member_050"",""nk_member_028"",""nk_member_018"",""nk_member_022""]",2026-03-04 06:00:00,2026-03-09,false,false,14.0,"[""nk_member_058""]",1
Nk,Mo 18:00,"[""nk_member_017"",""nk_member_068"",""nk_member_035"",""nk_member_031"",""nk_member_050"",""nk_member_028"",""nk_member_018"",""nk_member_027"",""nk_member_062"",""nk_member_015""]",2026-03-05 18:00:00,2026-03-09,false,false,14.0,"[""nk_member_044""]",1
Nk,Mo 18:00,"[""nk_member_017"",""nk_member_068"",""nk_member_035"",""nk_member_031"",""nk_member_050"",""nk_member_028"",""nk_member_018"",""nk_member_027"",""nk_member_062"",""nk_member_015"",""nk_member_003"",""nk_member_069""]",2026-03-08 18:00:00,2026-03-09,false,false,14.0,"[""nk_member_044"",""nk_member_057""]",2
Nk,Mo 18:00,"[""nk_member_017"",""nk_member_068"",""nk_member_035"",""nk_member_031"",""nk_member_050"",""nk_member_028"",""nk_member_018"",""nk_member_027"",""nk_member_062"",""nk_member_015"",""nk_member_003"",""nk_member_069"",""nk_member_037"",""nk_member_047""]",2026-03-09 12:00:00,2026-03-09,false,false,14.0,"[""nk_member_044"",""nk_member_057"",""nk_member_033"",""nk_member_052""]",4
Nk,Mo 18:00,"[""nk_member_030"",""nk_member_078"",""nk_member_029"",""nk_member_063"",""nk_member_055"",""nk_member_041""]",2026-03-11 06:00:00,2026-03-16,false,false,14.0,"[""nk_member_057""]",1
Nk,Mo 18:00,"[""nk_member_030"",""nk_member_078"",""nk_member_029"",""nk_member_063"",""nk_member_055"",""nk_member_068"",""nk_member_044"",""nk_member_041""]",2026-03-12 18:00:00,2026-03-16,false,false,14.0,"[""nk_member_057""]",1
Nk,Mo 18:00,"[""nk_member_030"",""nk_member_078"",""nk_member_029"",""nk_member_063"",""nk_member_055"",""nk_member_068"",""nk_member_044"",""nk_member_051"",""nk_member_031"",""nk_member_005""]",2026-03-13 18:00:00,2026-03-16,false,false,14.0,"[""nk_member_009""]",1
Nk,Mo 18:00,"[""nk_member_030"",""nk_member_078"",""nk_member_029"",""nk_member_063"",""nk_member_055"",""nk_member_068"",""nk_member_044"",""nk_member_051"",""nk_member_031"",""nk_member_005"",""nk_member_036"",""nk_member_049""]",2026-03-16 06:00:00,2026-03-16,false,false,14.0,"[""nk_member_009"",""nk_member_016""]",2
Nk,Mo 18:00,"[""nk_member_030"",""nk_member_078"",""nk_member_029"",""nk_member_063"",""nk_member_055"",""nk_member_068"",""nk_member_044"",""nk_member_051"",""nk_member_031"",""nk_member_005"",""nk_member_036"",""nk_member_049"",""nk_member_039""]",2026-03-16 12:00:00,2026-03-16,false,false,14.0,"[""nk_member_009"",""nk_member_016"",""nk_member_058""]",3
Nk,Mo 18:00,"[""nk_member_040"",""nk_member_028"",""nk_member_067"",""nk_member_073"",""nk_member_080"",""nk_member_034""]",2026-03-16 18:00:00,2026-03-23,false,false,14.0,"[""nk_member_065""]",1
Nk,Mo 18:00,"[""nk_member_040"",""nk_member_028"",""nk_member_067"",""nk_member_073"",""nk_member_080"",""nk_member_055"",""nk_member_061"",""nk_member_034""]",2026-03-18 06:00:00,2026-03-23,false,false,14.0,"[""nk_member_065""]",1
Nk,Mo 18:00,"[""nk_member_040"",""nk_member_028"",""nk_member_067"",""nk_member_073"",""nk_member_080"",""nk_member_055"",""nk_member_061"",""nk_member_003"",""nk_member_034""]",2026-03-19 18:00:00,2026-03-23,false,false,14.0,[],0
Nk,Mo 18:00,"[""nk_member_040"",""nk_member_028"",""nk_member_067"",""nk_member_073"",""nk_member_080"",""nk_member_055"",""nk_member_061"",""nk_member_003"",""nk_member_045"",""nk_member_062""]",2026-03-20 18:00:00,2026-03-23,false,false,14.0,[],0
Nk,Mo 18:00,"[""nk_member_040"",""nk_member_028"",""nk_member_067"",""nk_member_073"",""nk_member_080"",""nk_member_055"",""nk_member_061"",""nk_member_003"",""nk_member_045"",""nk_member_062"",""nk_member_051""]",2026-03-22 18:00:00,2026-03-23,false,false,14.0,"[""nk_member_022""]",1
Nk,Mo 18:00,"[""nk_member_040"",""nk_member_028"",""nk_member_067"",""nk_member_073"",""nk_member_080"",""nk_member_055"",""nk_member_061"",""nk_member_003"",""nk_member_045"",""nk_member_062"",""nk_member_051"",""nk_member_052"",""nk_member_013""]",2026-03-23 06:00:00,2026-03-23,false,false,14.0,"[""nk_member_022""]",1
Nk,Mo 18:00,"[""nk_member_040"",""nk_member_028"",""nk_member_067"",""nk_member_073"",""nk_member_080"",""nk_member_055"",""nk_member_061"",""nk_member_003"",""nk_member_045"",""nk_member_062"",""nk_member_051"",""nk_member_052"",""nk_member_013"",""nk_member_016""]",2026-03-23 12:00:00,2026-03-23,false,false,14.0,"[""nk_member_022"",""nk_member_050""]",2
Nk,Mo 18:00,"[""nk_member_040"",""nk_member_005"",""nk_member_060"",""nk_member_007"",""nk_member_054"",""nk_member_032""]",2026-03-26 18:00:00,2026-03-30,false,true,14.0,"[""nk_member_024""]",1
Nk,Mo 18:00,"[""nk_member_040"",""nk_member_005"",""nk_member_060"",""nk_member_007"",""nk_member_054"",""nk_member_053"",""nk_member_047"",""nk_member_032""]",2026-03-27 18:00:00,2026-03-30,false,true,14.0,"[""nk_member_024""]",1
Nk,Mo 18:00,"[""nk_member_040"",""nk_member_005"",""nk_member_060"",""nk_member_007"",""nk_member_054"",""nk_member_053"",""nk_member_047"",""nk_member_051"",""nk_member_078"",""nk_member_032""]",2026-03-28 18:00:00,2026-03-30,false,true,14.0,[],0
Nk,Mo 18:00,"[""nk_member_040"",""nk_member_005"",""nk_member_060"",""nk_member_007"",""nk_member_054"",""nk_member_053"",""nk_member_047"",""nk_member_051"",""nk_member_078"",""nk_member_029"",""nk_member_004""]",2026-03-29 18:00:00,2026-03-30,false,true,14.0,[],0
Nk,Mo 18:00,"[""nk_member_040"",""nk_member_005"",""nk_member_060"",""nk_member_007"",""nk_member_054"",""nk_member_053"",""nk_member_047"",""nk_member_051"",""nk_member_078"",""nk_member_029"",""nk_member_004"",""nk_member_028"",""nk_member_073""]",2026-03-30 12:00:00,2026-03-30,false,true,14.0,[],0
Nk,Mo 18:00,"[""nk_member_040"",""nk_member_005"",""nk_member_060"",""nk_member_007"",""nk_member_054"",""nk_member_053"",""nk_member_047"",""nk_member_051"",""nk_member_078"",""nk_member_029"",""nk_member_004"",""nk_member_028"",""nk_member_073"",""nk_member_031""]",2026-03-30 20:00:00,2026-03-30,false,true,14.0,[],0
Nk,Mo 18:00,"[""nk_member_050"",""nk_member_022"",""nk_member_046"",""nk_member_007"",""nk_member_013"",""nk_member_023""]",2026-03-30 18:00:00,2026-04-06,false,false,14.0,"[""nk_member_006""]",1
Nk,Mo 18:00,"[""nk_member_050"",""nk_member_022"",""nk_member_046"",""nk_member_007"",""nk_member_013"",""nk_member_062"",""nk_member_059"",""nk_member_023""]",2026-04-01 06:00:00,2026-04-06,false,false,14.0,"[""nk_member_006""]",1
Nk,Mo 18:00,"[""nk_member_050"",""nk_member_022"",""nk_member_046"",""nk_member_007"",""nk_member_013"",""nk_member_062"",""nk_member_059"",""nk_member_032"",""nk_member_028"",""nk_member_023""]",2026-04-02 18:00:00,2026-04-06,false,false,14.0,[],0
Nk,Mo 18:00,"[""nk_member_050"",""nk_member_022"",""nk_member_046"",""nk_member_007"",""nk_member_013"",""nk_member_062"",""nk_member_059"",""nk_member_032"",""nk_member_028"",""nk_member_020"",""nk_member_040""]",2026-04-04 18:00:00,2026-04-06,false,false,14.0,"[""nk_member_054"",""nk_member_057""]",2
Nk,Mo 18:00,"[""nk_member_050"",""nk_member_022"",""nk_member_046"",""nk_member_007"",""nk_member_013"",""nk_member_062"",""nk_member_059"",""nk_member_032"",""nk_member_028"",""nk_member_020"",""nk_member_040"",""nk_member_041"",""nk_member_018""]",2026-04-05 18:00:00,2026-04-06,false,false,14.0,"[""nk_member_054"",""nk_member_057"",""nk_member_069""]",3
Nk,Mo 18:00,"[""nk_member_050"",""nk_member_022"",""nk_member_046"",""nk_member_007"",""nk_member_013"",""nk_member_062"",""nk_member_059"",""nk_member_032"",""nk_member_028"",""nk_member_020"",""nk_member_040"",""nk_member_041"",""nk_member_018"",""nk_member_015""]",2026-04-06 12:00:00,2026-04-06,false,false,14.0,"[""nk_member_054"",""nk_member_057"",""nk_member_069"",""nk_member_048""]",4
Nk,Mo 18:00,"[""nk_member_003"",""nk_member_001"",""nk_member_055"",""nk_member_039"",""nk_member_079"",""nk_member_006""]",2026-04-06 18:00:00,2026-04-13,false,false,14.0,"[""nk_member_015""]",1
Nk,Mo 18:00,"[""nk_member_003"",""nk_member_001"",""nk_member_055"",""nk_member_039"",""nk_member_079"",""nk_member_040"",""nk_member_071"",""nk_member_006""]",2026-04-08 06:00:00,2026-04-13,false,false,14.0,"[""nk_member_015""]",1
Nk,Mo 18:00,"[""nk_member_003"",""nk_member_001"",""nk_member_055"",""nk_member_039"",""nk_member_079"",""nk_member_040"",""nk_member_071"",""nk_member_027"",""nk_member_037"",""nk_member_049""]",2026-04-10 18:00:00,2026-04-13,false,false,14.0,"[""nk_member_011""]",1
Nk,Mo 18:00,"[""nk_member_003"",""nk_member_001"",""nk_member_055"",""nk_member_039"",""nk_member_079"",""nk_member_040"",""nk_member_071"",""nk_member_027"",""nk_member_037"",""nk_member_049"",""nk_member_068"",""nk_member_069""]",2026-04-11 18:00:00,2026-04-13,false,false,14.0,"[""nk_member_011"",""nk_member_075""]",2
Nk,Mo 18:00,"[""nk_member_003"",""nk_member_001"",""nk_member_055"",""nk_member_039"",""nk_member_079"",""nk_member_040"",""nk_member_071"",""nk_member_027"",""nk_member_037"",""nk_member_049"",""nk_member_068"",""nk_member_069"",""nk_member_030"",""nk_member_066""]",2026-04-13 12:00:00,2026-04-13,false,false,14.0,"[""nk_member_011""]",1
Nk,Mo 18:00,"[""nk_member_035"",""nk_member_055"",""nk_member_064"",""nk_member_021"",""nk_member_026"",""nk_member_073""]",2026-04-13 18:00:00,2026-04-20,false,false,14.0,"[""nk_member_018""]",1
Nk,Mo 18:00,"[""nk_member_035"",""nk_member_055"",""nk_member_064"",""nk_member_021"",""nk_member_026"",""nk_member_077"",""nk_member_024"",""nk_member_073""]",2026-04-15 06:00:00,2026-04-20,false,false,14.0,"[""nk_member_018""]",1
Nk,Mo 18:00,"[""nk_member_035"",""nk_member_055"",""nk_member_064"",""nk_member_021"",""nk_member_026"",""nk_member_077"",""nk_member_024"",""nk_member_069"",""nk_member_073""]",2026-04-16 18:00:00,2026-04-20,false,false,14.0,[],0
Nk,Mo 18:00,"[""nk_member_035"",""nk_member_055"",""nk_member_064"",""nk_member_021"",""nk_member_026"",""nk_member_077"",""nk_member_024"",""nk_member_069"",""nk_member_039"",""nk_member_080""]",2026-04-18 18:00:00,2026-04-20,false,false,14.0,[],0
Nk,Mo 18:00,"[""nk_member_035"",""nk_member_055"",""nk_member_064"",""nk_member_021"",""nk_member_026"",""nk_member_077"",""nk_member_024"",""nk_member_069"",""nk_member_039"",""nk_member_080"",""nk_member_060""]",2026-04-19 18:00:00,2026-04-20,false,false,14.0,[],0
Nk,Mo 18:00,"[""nk_member_035"",""nk_member_055"",""nk_member_064"",""nk_member_021"",""nk_member_026"",""nk_member_077"",""nk_member_024"",""nk_member_069"",""nk_member_039"",""nk_member_080"",""nk_member_060"",""nk_member_059"",""nk_member_001""]",2026-04-20 06:00:00,2026-04-20,false,false,14.0,[],0
Nk,Mo 18:00,"[""nk_member_035"",""nk_member_055"",""nk_member_064"",""nk_member_021"",""nk_member_026"",""nk_member_077"",""nk_member_024"",""nk_member_069"",""nk_member_039"",""nk_member_080"",""nk_member_060"",""nk_member_059"",""nk_member_001"",""nk_member_011""]",2026-04-20 12:00:00,2026-04-20,false,false,14.0,[],0
Nk,Mo 18:00,"[""nk_member_072"",""nk_member_030"",""nk_member_054"",""nk_member_079"",""nk_member_067"",""nk_member_002""]",2026-04-20 18:00:00,2026-04-27,false,true,14.0,"[""nk_member_010""]",1
Nk,Mo 18:00,"[""nk_member_072"",""nk_member_030"",""nk_member_054"",""nk_member_079"",""nk_member_067"",""nk_member_028"",""nk_member_070"",""nk_member_002""]",2026-04-24 18:00:00,2026-04-27,false,true,14.0,"[""nk_member_010""]",1
Nk,Mo 18:00,"[""nk_member_072"",""nk_member_030"",""nk_member_054"",""nk_member_079"",""nk_member_067"",""nk_member_028"",""nk_member_070"",""nk_member_022"",""nk_member_060"",""nk_member_078""]",2026-04-25 18:00:00,2026-04-27,false,true,14.0,[],0
Nk,Mo 18:00,"[""nk_member_072"",""nk_member_030"",""nk_member_054"",""nk_member_079"",""nk_member_067"",""nk_member_028"",""nk_member_070"",""nk_member_022"",""nk_member_060"",""nk_member_078"",""nk_member_080"",""nk_member_009""]",2026-04-26 18:00:00,2026-04-27,false,true,14.0,"[""nk_member_043""]",1
Nk,Mo 18:00,"[""nk_member_072"",""nk_member_030"",""nk_member_054"",""nk_member_079"",""nk_member_067"",""nk_member_028"",""nk_member_070"",""nk_member_022"",""nk_member_060"",""nk_member_078"",""nk_member_080"",""nk_member_009"",""nk_member_050"",""nk_member_077""]",2026-04-27 06:00:00,2026-04-27,false,true,14.0,"[""nk_member_043"",""nk_member_076""]",2
Nk,Mo 18:00,"[""nk_member_040"",""nk_member_058"",""nk_member_013"",""nk_member_025"",""nk_member_065"",""nk_member_047""]",2026-04-27 18:00:00,2026-05-04,false,false,14.0,"[""nk_member_041""]",1
Nk,Mo 18:00,"[""nk_member_040"",""nk_member_058"",""nk_member_013"",""nk_member_025"",""nk_member_065"",""nk_member_050"",""nk_member_010"",""nk_member_047""]",2026-04-30 18:00:00,2026-05-04,false,false,14.0,"[""nk_member_041""]",1
Nk,Mo 18:00,"[""nk_member_040"",""nk_member_058"",""nk_member_013"",""nk_member_025"",""nk_member_065"",""nk_member_050"",""nk_member_010"",""nk_member_063"",""nk_member_015"",""nk_member_074""]",2026-05-01 18:00:00,2026-05-04,false,false,14.0,[],0
Nk,Mo 18:00,"[""nk_member_040"",""nk_member_058"",""nk_member_013"",""nk_member_025"",""nk_member_065"",""nk_member_050"",""nk_member_010"",""nk_member_063"",""nk_member_015"",""nk_member_074"",""nk_member_067"",""nk_member_036""]",2026-05-03 18:00:00,2026-05-04,false,false,14.0,"[""nk_member_066""]",1
Nk,Mo 18:00,"[""nk_member_040"",""nk_member_058"",""nk_member_013"",""nk_member_025"",""nk_member_065"",""nk_member_050"",""nk_member_010"",""nk_member_063"",""nk_member_015"",""nk_member_074"",""nk_member_067"",""nk_member_036"",""nk_member_071"",""nk_member_034""]",2026-05-04 12:00:00,2026-05-04,false,false,14.0,"[""nk_member_066""]",1
Nk,Mo 18:00,"[""nk_member_006"",""nk_member_037"",""nk_member_023"",""nk_member_048"",""nk_member_047"",""nk_member_032""]",2026-05-04 18:00:00,2026-05-11,false,false,14.0,"[""nk_member_059""]",1
Nk,Mo 18:00,"[""nk_member_006"",""nk_member_037"",""nk_member_023"",""nk_member_048"",""nk_member_047"",""nk_member_056"",""nk_member_032""]",2026-05-06 06:00:00,2026-05-11,false,false,14.0,"[""nk_member_059""]",1
Nk,Mo 18:00,"[""nk_member_006"",""nk_member_037"",""nk_member_023"",""nk_member_048"",""nk_member_047"",""nk_member_056"",""nk_member_042"",""nk_member_031"",""nk_member_032""]",2026-05-07 18:00:00,2026-05-11,false,false,14.0,[],0
Nk,Mo 18:00,"[""nk_member_006"",""nk_member_037"",""nk_member_023"",""nk_member_048"",""nk_member_047"",""nk_member_056"",""nk_member_042"",""nk_member_031"",""nk_member_013"",""nk_member_027""]",2026-05-08 18:00:00,2026-05-11,false,false,14.0,[],0
Nk,Mo 18:00,"[""nk_member_006"",""nk_member_037"",""nk_member_023"",""nk_member_048"",""nk_member_047"",""nk_member_056"",""nk_member_042"",""nk_member_031"",""nk_member_013"",""nk_member_027"",""nk_member_050"",""nk_member_041""]",2026-05-09 18:00:00,2026-05-11,false,false,14.0,[],0
Nk,Mo 18:00,"[""nk_member_006"",""nk_member_037"",""nk_member_023"",""nk_member_048"",""nk_member_047"",""nk_member_056"",""nk_member_042"",""nk_member_031"",""nk_member_013"",""nk_member_027"",""nk_member_050"",""nk_member_041"",""nk_member_075""]",2026-05-11 06:00:00,2026-05-11,false,false,14.0,[],0
Nk,Mo 18:00,"[""nk_member_046"",""nk_member_040"",""nk_member_027"",""nk_member_050"",""nk_member_063"",""nk_member_004""]",2026-05-11 18:00:00,2026-05-18,false,false,14.0,"[""nk_member_016""]",1
Nk,Mo 18:00,"[""nk_member_046"",""nk_member_040"",""nk_member_027"",""nk_member_050"",""nk_member_063"",""nk_member_044"",""nk_member_033"",""nk_member_004""]",2026-05-13 06:00:00,2026-05-18,false,false,14.0,"[""nk_member_016""]",1
Nk,Mo 18:00,"[""nk_member_046"",""nk_member_040"",""nk_member_027"",""nk_member_050"",""nk_member_063"",""nk_member_044"",""nk_member_033"",""nk_member_075"",""nk_member_004""]",2026-05-14 18:00:00,2026-05-18,false,false,14.0,[],0
Nk,Mo 18:00,"[""nk_member_046"",""nk_member_040"",""nk_member_027"",""nk_member_050"",""nk_member_063"",""nk_member_044"",""nk_member_033"",""nk_member_075"",""nk_member_032"",""nk_member_071""]",2026-05-15 18:00:00,2026-05-18,false,false,14.0,[],0
Nk,Mo 18:00,"[""nk_member_046"",""nk_member_040"",""nk_member_027"",""nk_member_050"",""nk_member_063"",""nk_member_044"",""nk_member_033"",""nk_member_075"",""nk_member_032"",""nk_member_071"",""nk_member_069""]",2026-05-16 18:00:00,2026-05-18,false,false,14.0,[],0
Nk,Mo 18:00,"[""nk_member_046"",""nk_member_040"",""nk_member_027"",""nk_member_050"",""nk_member_063"",""nk_member_044"",""nk_member_033"",""nk_member_075"",""nk_member_032"",""nk_member_071"",""nk_member_069"",""nk_member_019"",""nk_member_011""]",2026-05-17 18:00:00,2026-05-18,false,false,14.0,"[""nk_member_034""]",1
Nk,Mo 18:00,"[""nk_member_046"",""nk_member_040"",""nk_member_027"",""nk_member_050"",""nk_member_063"",""nk_member_044"",""nk_member_033"",""nk_member_075"",""nk_member_032"",""nk_member_071"",""nk_member_069"",""nk_member_019"",""nk_member_011"",""nk_member_030""]",2026-05-18 12:00:00,2026-05-18,false,false,14.0,"[""nk_member_034""]",1
Nk,Mo 18:00,"[""nk_member_048"",""nk_member_062"",""nk_member_025"",""nk_member_003"",""nk_member_071"",""nk_member_051""]",2026-05-20 06:00:00,2026-05-25,false,false,14.0,"[""nk_member_080""]",1
Nk,Mo 18:00,"[""nk_member_048"",""nk_member_062"",""nk_member_025"",""nk_member_003"",""nk_member_071"",""nk_member_059"",""nk_member_024"",""nk_member_051""]",2026-05-22 18:00:00,2026-05-25,false,false,14.0,"[""nk_member_080""]",1
Nk,Mo 18:00,"[""nk_member_048"",""nk_member_062"",""nk_member_025"",""nk_member_003"",""nk_member_071"",""nk_member_059"",""nk_member_024"",""nk_member_058"",""nk_member_020"",""nk_member_051""]",2026-05-23 18:00:00,2026-05-25,false,false,14.0,[],0
Nk,Mo 18:00,"[""nk_member_048"",""nk_member_062"",""nk_member_025"",""nk_member_003"",""nk_member_071"",""nk_member_059"",""nk_member_024"",""nk_member_058"",""nk_member_020"",""nk_member_064"",""nk_member_013""]",2026-05-24 18:00:00,2026-05-25,false,false,14.0,[],0
Nk,Mo 18:00,"[""nk_member_048"",""nk_member_062"",""nk_member_025"",""nk_member_003"",""nk_member_071"",""nk_member_059"",""nk_member_024"",""nk_member_058"",""nk_member_020"",""nk_member_064"",""nk_member_013"",""nk_member_026"",""nk_member_073""]",2026-05-25 06:00:00,2026-05-25,false,false,14.0,"[""nk_member_043""]",1
Nk,Mo 18:00,"[""nk_member_048"",""nk_member_062"",""nk_member_025"",""nk_member_003"",""nk_member_071"",""nk_member_059"",""nk_member_024"",""nk_member_058"",""nk_member_020"",""nk_member_064"",""nk_member_013"",""nk_member_026"",""nk_member_073"",""nk_member_021""]",2026-05-25 18:00:00,2026-05-25,false,false,14.0,"[""nk_member_043""]",1
Nk,Mo 18:00,"[""nk_member_034"",""nk_member_008"",""nk_member_075"",""nk_member_043"",""nk_member_019"",""nk_member_023""]",2026-05-25 18:00:00,2026-06-01,false,false,14.0,"[""nk_member_073""]",1
Nk,Mo 18:00,"[""nk_member_034"",""nk_member_008"",""nk_member_075"",""nk_member_043"",""nk_member_019"",""nk_member_080"",""nk_member_006"",""nk_member_023""]",2026-05-27 06:00:00,2026-06-01,false,false,14.0,"[""nk_member_073""]",1
Nk,Mo 18:00,"[""nk_member_034"",""nk_member_008"",""nk_member_075"",""nk_member_043"",""nk_member_019"",""nk_member_080"",""nk_member_006"",""nk_member_057"",""nk_member_028"",""nk_member_059""]",2026-05-28 18:00:00,2026-06-01,false,false,14.0,"[""nk_member_041""]",1
Nk,Mo 18:00,"[""nk_member_034"",""nk_member_008"",""nk_member_075"",""nk_member_043"",""nk_member_019"",""nk_member_080"",""nk_member_006"",""nk_member_057"",""nk_member_028"",""nk_member_059"",""nk_member_052"",""nk_member_022""]",2026-05-29 18:00:00,2026-06-01,false,false,14.0,"[""nk_member_041"",""nk_member_002""]",2
Nk,Mo 18:00,"[""nk_member_034"",""nk_member_008"",""nk_member_075"",""nk_member_043"",""nk_member_019"",""nk_member_080"",""nk_member_006"",""nk_member_057"",""nk_member_028"",""nk_member_059"",""nk_member_052"",""nk_member_022"",""nk_member_039"",""nk_member_078""]",2026-06-01 06:00:00,2026-06-01,false,false,14.0,"[""nk_member_041"",""nk_member_002"",""nk_member_060"",""nk_member_037""]",4
Nk,Sa 09:00,"[""nk_member_079"",""nk_member_014"",""nk_member_011"",""nk_member_018"",""nk_member_064"",""nk_member_043"",""nk_member_013""]",2026-01-03 09:00:00,2026-01-10,false,false,16.0,"[""nk_member_023""]",1
Nk,Sa 09:00,"[""nk_member_079"",""nk_member_014"",""nk_member_011"",""nk_member_018"",""nk_member_064"",""nk_member_043"",""nk_member_003"",""nk_member_010"",""nk_member_013""]",2026-01-08 09:00:00,2026-01-10,false,false,16.0,"[""nk_member_023""]",1
Nk,Sa 09:00,"[""nk_member_079"",""nk_member_014"",""nk_member_011"",""nk_member_018"",""nk_member_064"",""nk_member_043"",""nk_member_003"",""nk_member_010"",""nk_member_022"",""nk_member_051"",""nk_member_047""]",2026-01-09 09:00:00,2026-01-10,false,false,16.0,[],0
Nk,Sa 09:00,"[""nk_member_079"",""nk_member_014"",""nk_member_011"",""nk_member_018"",""nk_member_064"",""nk_member_043"",""nk_member_003"",""nk_member_010"",""nk_member_022"",""nk_member_051"",""nk_member_047"",""nk_member_072"",""nk_member_061"",""nk_member_077""]",2026-01-09 21:00:00,2026-01-10,false,false,16.0,[],0
Nk,Sa 09:00,"[""nk_member_079"",""nk_member_014"",""nk_member_011"",""nk_member_018"",""nk_member_064"",""nk_member_043"",""nk_member_003"",""nk_member_010"",""nk_member_022"",""nk_member_051"",""nk_member_047"",""nk_member_072"",""nk_member_061"",""nk_member_077"",""nk_member_015""]",2026-01-10 03:00:00,2026-01-10,false,false,16.0,[],0
Nk,Sa 09:00,"[""nk_member_034"",""nk_member_053"",""nk_member_013"",""nk_member_038"",""nk_member_008"",""nk_member_033""]",2026-01-11 21:00:00,2026-01-17,false,false,16.0,"[""nk_member_010""]",1
Nk,Sa 09:00,"[""nk_member_034"",""nk_member_053"",""nk_member_013"",""nk_member_038"",""nk_member_008"",""nk_member_073"",""nk_member_064"",""nk_member_033""]",2026-01-13 09:00:00,2026-01-17,false,false,16.0,"[""nk_member_010""]",1
Nk,Sa 09:00,"[""nk_member_034"",""nk_member_053"",""nk_member_013"",""nk_member_038"",""nk_member_008"",""nk_member_073"",""nk_member_064"",""nk_member_060"",""nk_member_033""]",2026-01-14 09:00:00,2026-01-17,false,false,16.0,[],0
Nk,Sa 09:00,"[""nk_member_034"",""nk_member_053"",""nk_member_013"",""nk_member_038"",""nk_member_008"",""nk_member_073"",""nk_member_064"",""nk_member_060"",""nk_member_070"",""nk_member_065""]",2026-01-15 09:00:00,2026-01-17,false,false,16.0,[],0
Nk,Sa 09:00,"[""nk_member_034"",""nk_member_053"",""nk_member_013"",""nk_member_038"",""nk_member_008"",""nk_member_073"",""nk_member_064"",""nk_member_060"",""nk_member_070"",""nk_member_065"",""nk_member_024""]",2026-01-16 09:00:00,2026-01-17,false,false,16.0,[],0
Nk,Sa 09:00,"[""nk_member_034"",""nk_member_053"",""nk_member_013"",""nk_member_038"",""nk_member_008"",""nk_member_073"",""nk_member_064"",""nk_member_060"",""nk_member_070"",""nk_member_065"",""nk_member_024"",""nk_member_069"",""nk_member_055""]",2026-01-16 21:00:00,2026-01-17,false,false,16.0,[],0
Nk,Sa 09:00,"[""nk_member_034"",""nk_member_053"",""nk_member_013"",""nk_member_038"",""nk_member_008"",""nk_member_073"",""nk_member_064"",""nk_member_060"",""nk_member_070"",""nk_member_065"",""nk_member_024"",""nk_member_069"",""nk_member_055"",""nk_member_075""]",2026-01-17 03:00:00,2026-01-17,false,false,16.0,[],0
Nk,Sa 09:00,"[""nk_member_068"",""nk_member_002"",""nk_member_073"",""nk_member_018"",""nk_member_032"",""nk_member_075""]",2026-01-17 09:00:00,2026-01-24,false,false,16.0,"[""nk_member_058""]",1
Nk,Sa 09:00,"[""nk_member_068"",""nk_member_002"",""nk_member_073"",""nk_member_018"",""nk_member_032"",""nk_member_031"",""nk_member_013"",""nk_member_075""]",2026-01-18 21:00:00,2026-01-24,false,false,16.0,"[""nk_member_058""]",1
Nk,Sa 09:00,"[""nk_member_068"",""nk_member_002"",""nk_member_073"",""nk_member_018"",""nk_member_032"",""nk_member_031"",""nk_member_013"",""nk_member_025"",""nk_member_041"",""nk_member_075""]",2026-01-20 09:00:00,2026-01-24,false,false,16.0,[],0
Nk,Sa 09:00,"[""nk_member_068"",""nk_member_002"",""nk_member_073"",""nk_member_018"",""nk_member_032"",""nk_member_031"",""nk_member_013"",""nk_member_025"",""nk_member_041"",""nk_member_023""]",2026-01-21 09:00:00,2026-01-24,false,false,16.0,[],0
Nk,Sa 09:00,"[""nk_member_068"",""nk_member_002"",""nk_member_073"",""nk_member_018"",""nk_member_032"",""nk_member_031"",""nk_member_013"",""nk_member_025"",""nk_member_041"",""nk_member_023"",""nk_member_063"",""nk_member_076""]",2026-01-22 09:00:00,2026-01-24,false,false,16.0,[],0
Nk,Sa 09:00,"[""nk_member_068"",""nk_member_002"",""nk_member_073"",""nk_member_018"",""nk_member_032"",""nk_member_031"",""nk_member_013"",""nk_member_025"",""nk_member_041"",""nk_member_023"",""nk_member_063"",""nk_member_076"",""nk_member_045"",""nk_member_040""]",2026-01-23 21:00:00,2026-01-24,false,false,16.0,[],0
Nk,Sa 09:00,"[""nk_member_068"",""nk_member_002"",""nk_member_073"",""nk_member_018"",""nk_member_032"",""nk_member_031"",""nk_member_013"",""nk_member_025"",""nk_member_041"",""nk_member_023"",""nk_member_063"",""nk_member_076"",""nk_member_045"",""nk_member_040"",""nk_member_036""]",2026-01-24 03:00:00,2026-01-24,false,false,16.0,[],0
Nk,Sa 09:00,"[""nk_member_022"",""nk_member_051"",""nk_member_073"",""nk_member_014"",""nk_member_039"",""nk_member_066"",""nk_member_053""]",2026-01-24 09:00:00,2026-01-31,false,false,16.0,"[""nk_member_019""]",1
Nk,Sa 09:00,"[""nk_member_022"",""nk_member_051"",""nk_member_073"",""nk_member_014"",""nk_member_039"",""nk_member_066"",""nk_member_074"",""nk_member_030"",""nk_member_053""]",2026-01-28 09:00:00,2026-01-31,false,false,16.0,"[""nk_member_019""]",1
Nk,Sa 09:00,"[""nk_member_022"",""nk_member_051"",""nk_member_073"",""nk_member_014"",""nk_member_039"",""nk_member_066"",""nk_member_074"",""nk_member_030"",""nk_member_035"",""nk_member_040"",""nk_member_008""]",2026-01-29 09:00:00,2026-01-31,false,false,16.0,"[""nk_member_023""]",1
Nk,Sa 09:00,"[""nk_member_022"",""nk_member_051"",""nk_member_073"",""nk_member_014"",""nk_member_039"",""nk_member_066"",""nk_member_074"",""nk_member_030"",""nk_member_035"",""nk_member_040"",""nk_member_008"",""nk_member_060"",""nk_member_077"",""nk_member_004""]",2026-01-30 21:00:00,2026-01-31,false,false,16.0,"[""nk_member_023"",""nk_member_058""]",2
Nk,Sa 09:00,"[""nk_member_022"",""nk_member_051"",""nk_member_073"",""nk_member_014"",""nk_member_039"",""nk_member_066"",""nk_member_074"",""nk_member_030"",""nk_member_035"",""nk_member_040"",""nk_member_008"",""nk_member_060"",""nk_member_077"",""nk_member_004"",""nk_member_070"",""nk_member_042""]",2026-01-31 03:00:00,2026-01-31,false,false,16.0,"[""nk_member_023"",""nk_member_058"",""nk_member_063""]",3
Nk,Sa 09:00,"[""nk_member_035"",""nk_member_071"",""nk_member_027"",""nk_member_004"",""nk_member_010"",""nk_member_069"",""nk_member_067""]",2026-01-31 09:00:00,2026-02-07,false,false,16.0,"[""nk_member_005""]",1
Nk,Sa 09:00,"[""nk_member_035"",""nk_member_071"",""nk_member_027"",""nk_member_004"",""nk_member_010"",""nk_member_069"",""nk_member_042"",""nk_member_067""]",2026-02-01 21:00:00,2026-02-07,false,false,16.0,"[""nk_member_005""]",1
Nk,Sa 09:00,"[""nk_member_035"",""nk_member_071"",""nk_member_027"",""nk_member_004"",""nk_member_010"",""nk_member_069"",""nk_member_042"",""nk_member_056"",""nk_member_060"",""nk_member_067""]",2026-02-04 09:00:00,2026-02-07,false,false,16.0,[],0
Nk,Sa 09:00,"[""nk_member_035"",""nk_member_071"",""nk_member_027"",""nk_member_004"",""nk_member_010"",""nk_member_069"",""nk_member_042"",""nk_member_056"",""nk_member_060"",""nk_member_077"",""nk_member_041""]",2026-02-05 09:00:00,2026-02-07,false,false,16.0,[],0
Nk,Sa 09:00,"[""nk_member_035"",""nk_member_071"",""nk_member_027"",""nk_member_004"",""nk_member_010"",""nk_member_069"",""nk_member_042"",""nk_member_056"",""nk_member_060"",""nk_member_077"",""nk_member_041"",""nk_member_003"",""nk_member_045""]",2026-02-06 09:00:00,2026-02-07,false,false,16.0,"[""nk_member_031""]",1
Nk,Sa 09:00,"[""nk_member_035"",""nk_member_071"",""nk_member_027"",""nk_member_004"",""nk_member_010"",""nk_member_069"",""nk_member_042"",""nk_member_056"",""nk_member_060"",""nk_member_077"",""nk_member_041"",""nk_member_003"",""nk_member_045"",""nk_member_066"",""nk_member_049""]",2026-02-06 21:00:00,2026-02-07,false,false,16.0,"[""nk_member_031""]",1
Nk,Sa 09:00,"[""nk_member_035"",""nk_member_071"",""nk_member_027"",""nk_member_004"",""nk_member_010"",""nk_member_069"",""nk_member_042"",""nk_member_056"",""nk_member_060"",""nk_member_077"",""nk_member_041"",""nk_member_003"",""nk_member_045"",""nk_member_066"",""nk_member_049"",""nk_member_038""]",2026-02-07 03:00:00,2026-02-07,false,false,16.0,"[""nk_member_031"",""nk_member_016""]",2
Nk,Sa 09:00,"[""nk_member_067"",""nk_member_042"",""nk_member_012"",""nk_member_039"",""nk_member_038"",""nk_member_001"",""nk_member_028""]",2026-02-07 09:00:00,2026-02-14,false,false,16.0,"[""nk_member_030""]",1
Nk,Sa 09:00,"[""nk_member_067"",""nk_member_042"",""nk_member_012"",""nk_member_039"",""nk_member_038"",""nk_member_001"",""nk_member_075"",""nk_member_065"",""nk_member_028""]",2026-02-08 21:00:00,2026-02-14,false,false,16.0,"[""nk_member_030""]",1
Nk,Sa 09:00,"[""nk_member_067"",""nk_member_042"",""nk_member_012"",""nk_member_039"",""nk_member_038"",""nk_member_001"",""nk_member_075"",""nk_member_065"",""nk_member_055"",""nk_member_022"",""nk_member_066""]",2026-02-10 09:00:00,2026-02-14,false,false,16.0,[],0
Nk,Sa 09:00,"[""nk_member_067"",""nk_member_042"",""nk_member_012"",""nk_member_039"",""nk_member_038"",""nk_member_001"",""nk_member_075"",""nk_member_065"",""nk_member_055"",""nk_member_022"",""nk_member_066"",""nk_member_008"",""nk_member_002"",""nk_member_035""]",2026-02-12 09:00:00,2026-02-14,false,false,16.0,"[""nk_member_050""]",1
Nk,Sa 09:00,"[""nk_member_067"",""nk_member_042"",""nk_member_012"",""nk_member_039"",""nk_member_038"",""nk_member_001"",""nk_member_075"",""nk_member_065"",""nk_member_055"",""nk_member_022"",""nk_member_066"",""nk_member_008"",""nk_member_002"",""nk_member_035"",""nk_member_023"",""nk_member_052""]",2026-02-13 09:00:00,2026-02-14,false,false,16.0,"[""nk_member_050"",""nk_member_036""]",2
Nk,Sa 09:00,"[""nk_member_023"",""nk_member_034"",""nk_member_063"",""nk_member_027"",""nk_member_043"",""nk_member_050"",""nk_member_072""]",2026-02-14 09:00:00,2026-02-21,false,true,16.0,"[""nk_member_079""]",1
Nk,Sa 09:00,"[""nk_member_023"",""nk_member_034"",""nk_member_063"",""nk_member_027"",""nk_member_043"",""nk_member_050"",""nk_member_024"",""nk_member_065"",""nk_member_072""]",2026-02-17 09:00:00,2026-02-21,false,true,16.0,"[""nk_member_079""]",1
Nk,Sa 09:00,"[""nk_member_023"",""nk_member_034"",""nk_member_063"",""nk_member_027"",""nk_member_043"",""nk_member_050"",""nk_member_024"",""nk_member_065"",""nk_member_001"",""nk_member_076"",""nk_member_072""]",2026-02-18 09:00:00,2026-02-21,false,true,16.0,[],0
Nk,Sa 09:00,"[""nk_member_023"",""nk_member_034"",""nk_member_063"",""nk_member_027"",""nk_member_043"",""nk_member_050"",""nk_member_024"",""nk_member_065"",""nk_member_001"",""nk_member_076"",""nk_member_030"",""nk_member_051""]",2026-02-19 09:00:00,2026-02-21,false,true,16.0,[],0
Nk,Sa 09:00,"[""nk_member_023"",""nk_member_034"",""nk_member_063"",""nk_member_027"",""nk_member_043"",""nk_member_050"",""nk_member_024"",""nk_member_065"",""nk_member_001"",""nk_member_076"",""nk_member_030"",""nk_member_051"",""nk_member_026"",""nk_member_035"",""nk_member_020""]",2026-02-20 21:00:00,2026-02-21,false,true,16.0,"[""nk_member_028""]",1
Nk,Sa 09:00,"[""nk_member_023"",""nk_member_034"",""nk_member_063"",""nk_member_027"",""nk_member_043"",""nk_member_050"",""nk_member_024"",""nk_member_065"",""nk_member_001"",""nk_member_076"",""nk_member_030"",""nk_member_051"",""nk_member_026"",""nk_member_035"",""nk_member_020"",""nk_member_021""]",2026-02-21 03:00:00,2026-02-21,false,true,16.0,"[""nk_member_028""]",1
Nk,Sa 09:00,"[""nk_member_006"",""nk_member_014"",""nk_member_063"",""nk_member_026"",""nk_member_057"",""nk_member_020"",""nk_member_056""]",2026-02-21 09:00:00,2026-02-28,false,false,16.0,"[""nk_member_022""]",1
Nk,Sa 09:00,"[""nk_member_006"",""nk_member_014"",""nk_member_063"",""nk_member_026"",""nk_member_057"",""nk_member_020"",""nk_member_065"",""nk_member_056""]",2026-02-22 21:00:00,2026-02-28,false,false,16.0,"[""nk_member_022""]",1
Nk,Sa 09:00,"[""nk_member_006"",""nk_member_014"",""nk_member_063"",""nk_member_026"",""nk_member_057"",""nk_member_020"",""nk_member_065"",""nk_member_019"",""nk_member_072"",""nk_member_056""]",2026-02-24 09:00:00,2026-02-28,false,false,16.0,[],0
Nk,Sa 09:00,"[""nk_member_006"",""nk_member_014"",""nk_member_063"",""nk_member_026"",""nk_member_057"",""nk_member_020"",""nk_member_065"",""nk_member_019"",""nk_member_072"",""nk_member_074"",""nk_member_055""]",2026-02-26 09:00:00,2026-02-28,false,false,16.0,[],0
Nk,Sa 09:00,"[""nk_member_006"",""nk_member_014"",""nk_member_063"",""nk_member_026"",""nk_member_057"",""nk_member_020"",""nk_member_065"",""nk_member_019"",""nk_member_072"",""nk_member_074"",""nk_member_055"",""nk_member_004"",""nk_member_060""]",2026-02-27 09:00:00,2026-02-28,false,false,16.0,[],0
Nk,Sa 09:00,"[""nk_member_006"",""nk_member_014"",""nk_member_063"",""nk_member_026"",""nk_member_057"",""nk_member_020"",""nk_member_065"",""nk_member_019"",""nk_member_072"",""nk_member_074"",""nk_member_055"",""nk_member_004"",""nk_member_060"",""nk_member_008"",""nk_member_002""]",2026-02-27 21:00:00,2026-02-28,false,false,16.0,"[""nk_member_052""]",1
Nk,Sa 09:00,"[""nk_member_006"",""nk_member_014"",""nk_member_063"",""nk_member_026"",""nk_member_057"",""nk_member_020"",""nk_member_065"",""nk_member_019"",""nk_member_072"",""nk_member_074"",""nk_member_055"",""nk_member_004"",""nk_member_060"",""nk_member_008"",""nk_member_002"",""nk_member_061""]",2026-02-28 03:00:00,2026-02-28,false,false,16.0,"[""nk_member_052""]",1
Nk,Sa 09:00,"[""nk_member_030"",""nk_member_023"",""nk_member_013"",""nk_member_057"",""nk_member_072"",""nk_member_019"",""nk_member_051""]",2026-02-28 09:00:00,2026-03-07,false,false,16.0,"[""nk_member_026""]",1
Nk,Sa 09:00,"[""nk_member_030"",""nk_member_023"",""nk_member_013"",""nk_member_057"",""nk_member_072"",""nk_member_019"",""nk_member_077"",""nk_member_051""]",2026-03-03 09:00:00,2026-03-07,false,false,16.0,"[""nk_member_026""]",1
Nk,Sa 09:00,"[""nk_member_030"",""nk_member_023"",""nk_member_013"",""nk_member_057"",""nk_member_072"",""nk_member_019"",""nk_member_077"",""nk_member_073"",""nk_member_039"",""nk_member_051""]",2026-03-04 09:00:00,2026-03-07,false,false,16.0,"[""nk_member_026""]",1
Nk,Sa 09:00,"[""nk_member_030"",""nk_member_023"",""nk_member_013"",""nk_member_057"",""nk_member_072"",""nk_member_019"",""nk_member_077"",""nk_member_073"",""nk_member_039"",""nk_member_053"",""nk_member_051""]",2026-03-05 09:00:00,2026-03-07,false,false,16.0,[],0
Nk,Sa 09:00,"[""nk_member_030"",""nk_member_023"",""nk_member_013"",""nk_member_057"",""nk_member_072"",""nk_member_019"",""nk_member_077"",""nk_member_073"",""nk_member_039"",""nk_member_053"",""nk_member_075"",""nk_member_040""]",2026-03-06 09:00:00,2026-03-07,false,false,16.0,"[""nk_member_033""]",1
Nk,Sa 09:00,"[""nk_member_030"",""nk_member_023"",""nk_member_013"",""nk_member_057"",""nk_member_072"",""nk_member_019"",""nk_member_077"",""nk_member_073"",""nk_member_039"",""nk_member_053"",""nk_member_075"",""nk_member_040"",""nk_member_042"",""nk_member_027""]",2026-03-06 21:00:00,2026-03-07,false,false,16.0,"[""nk_member_033""]",1
Nk,Sa 09:00,"[""nk_member_030"",""nk_member_023"",""nk_member_013"",""nk_member_057"",""nk_member_072"",""nk_member_019"",""nk_member_077"",""nk_member_073"",""nk_member_039"",""nk_member_053"",""nk_member_075"",""nk_member_040"",""nk_member_042"",""nk_member_027"",""nk_member_065""]",2026-03-07 03:00:00,2026-03-07,false,false,16.0,"[""nk_member_033"",""nk_member_050""]",2
Nk,Sa 09:00,"[""nk_member_030"",""nk_member_023"",""nk_member_013"",""nk_member_057"",""nk_member_072"",""nk_member_019"",""nk_member_077"",""nk_member_073"",""nk_member_039"",""nk_member_053"",""nk_member_075"",""nk_member_040"",""nk_member_042"",""nk_member_027"",""nk_member_065"",""nk_member_005""]",2026-03-07 09:00:00,2026-03-07,false,false,16.0,"[""nk_member_033"",""nk_member_050""]",2
Nk,Sa 09:00,"[""nk_member_021"",""nk_member_045"",""nk_member_017"",""nk_member_078"",""nk_member_010"",""nk_member_015""]",2026-03-07 09:00:00,2026-03-14,false,false,16.0,"[""nk_member_049""]",1
Nk,Sa 09:00,"[""nk_member_021"",""nk_member_045"",""nk_member_017"",""nk_member_078"",""nk_member_010"",""nk_member_057"",""nk_member_058"",""nk_member_015""]",2026-03-08 21:00:00,2026-03-14,false,false,16.0,"[""nk_member_049""]",1
Nk,Sa 09:00,"[""nk_member_021"",""nk_member_045"",""nk_member_017"",""nk_member_078"",""nk_member_010"",""nk_member_057"",""nk_member_058"",""nk_member_032"",""nk_member_015""]",2026-03-11 09:00:00,2026-03-14,false,false,16.0,[],0
Nk,Sa 09:00,"[""nk_member_021"",""nk_member_045"",""nk_member_017"",""nk_member_078"",""nk_member_010"",""nk_member_057"",""nk_member_058"",""nk_member_032"",""nk_member_056"",""nk_member_011""]",2026-03-12 09:00:00,2026-03-14,false,false,16.0,[],0
Nk,Sa 09:00,"[""nk_member_021"",""nk_member_045"",""nk_member_017"",""nk_member_078"",""nk_member_010"",""nk_member_057"",""nk_member_058"",""nk_member_032"",""nk_member_056"",""nk_member_011"",""nk_member_075""]",2026-03-13 09:00:00,2026-03-14,false,false,16.0,[],0
Nk,Sa 09:00,"[""nk_member_021"",""nk_member_045"",""nk_member_017"",""nk_member_078"",""nk_member_010"",""nk_member_057"",""nk_member_058"",""nk_member_032"",""nk_member_056"",""nk_member_011"",""nk_member_075"",""nk_member_020"",""nk_member_007""]",2026-03-13 21:00:00,2026-03-14,false,false,16.0,[],0
Nk,Sa 09:00,"[""nk_member_021"",""nk_member_045"",""nk_member_017"",""nk_member_078"",""nk_member_010"",""nk_member_057"",""nk_member_058"",""nk_member_032"",""nk_member_056"",""nk_member_011"",""nk_member_075"",""nk_member_020"",""nk_member_007"",""nk_member_072""]",2026-03-14 03:00:00,2026-03-14,false,false,16.0,[],0
Nk,Sa 09:00,"[""nk_member_008"",""nk_member_051"",""nk_member_075"",""nk_member_011"",""nk_member_019"",""nk_member_079"",""nk_member_065""]",2026-03-15 21:00:00,2026-03-21,false,false,16.0,"[""nk_member_070""]",1
Nk,Sa 09:00,"[""nk_member_008"",""nk_member_051"",""nk_member_075"",""nk_member_011"",""nk_member_019"",""nk_member_079"",""nk_member_072"",""nk_member_037"",""nk_member_065""]",2026-03-17 09:00:00,2026-03-21,false,false,16.0,"[""nk_member_070""]",1
Nk,Sa 09:00,"[""nk_member_008"",""nk_member_051"",""nk_member_075"",""nk_member_011"",""nk_member_019"",""nk_member_079"",""nk_member_072"",""nk_member_037"",""nk_member_038"",""nk_member_046"",""nk_member_065""]",2026-03-18 09:00:00,2026-03-21,false,false,16.0,[],0
Nk,Sa 09:00,"[""nk_member_008"",""nk_member_051"",""nk_member_075"",""nk_member_011"",""nk_member_019"",""nk_member_079"",""nk_member_072"",""nk_member_037"",""nk_member_038"",""nk_member_046"",""nk_member_025"",""nk_member_028""]",2026-03-20 09:00:00,2026-03-21,false,false,16.0,"[""nk_member_009""]",1
Nk,Sa 09:00,"[""nk_member_008"",""nk_member_051"",""nk_member_075"",""nk_member_011"",""nk_member_019"",""nk_member_079"",""nk_member_072"",""nk_member_037"",""nk_member_038"",""nk_member_046"",""nk_member_025"",""nk_member_028"",""nk_member_030"",""nk_member_007"",""nk_member_047""]",2026-03-20 21:00:00,2026-03-21,false,false,16.0,"[""nk_member_009"",""nk_member_064""]",2
Nk,Sa 09:00,"[""nk_member_008"",""nk_member_051"",""nk_member_075"",""nk_member_011"",""nk_member_019"",""nk_member_079"",""nk_member_072"",""nk_member_037"",""nk_member_038"",""nk_member_046"",""nk_member_025"",""nk_member_028"",""nk_member_030"",""nk_member_007"",""nk_member_047"",""nk_member_058""]",2026-03-21 03:00:00,2026-03-21,false,false,16.0,"[""nk_member_009"",""nk_member_064"",""nk_member_033""]",3
Nk,Sa 09:00,"[""nk_member_012"",""nk_member_032"",""nk_member_035"",""nk_member_020"",""nk_member_064"",""nk_member_024"",""nk_member_043""]",2026-03-21 09:00:00,2026-03-28,false,false,16.0,"[""nk_member_074""]",1
Nk,Sa 09:00,"[""nk_member_012"",""nk_member_032"",""nk_member_035"",""nk_member_020"",""nk_member_064"",""nk_member_024"",""nk_member_078"",""nk_member_043""]",2026-03-22 21:00:00,2026-03-28,false,false,16.0,"[""nk_member_074""]",1
Nk,Sa 09:00,"[""nk_member_012"",""nk_member_032"",""nk_member_035"",""nk_member_020"",""nk_member_064"",""nk_member_024"",""nk_member_078"",""nk_member_055"",""nk_member_030"",""nk_member_043""]",2026-03-24 09:00:00,2026-03-28,false,false,16.0,[],0
Nk,Sa 09:00,"[""nk_member_012"",""nk_member_032"",""nk_member_035"",""nk_member_020"",""nk_member_064"",""nk_member_024"",""nk_member_078"",""nk_member_055"",""nk_member_030"",""nk_member_077"",""nk_member_053""]",2026-03-25 09:00:00,2026-03-28,false,false,16.0,[],0
Nk,Sa 09:00,"[""nk_member_012"",""nk_member_032"",""nk_member_035"",""nk_member_020"",""nk_member_064"",""nk_member_024"",""nk_member_078"",""nk_member_055"",""nk_member_030"",""nk_member_077"",""nk_member_053"",""nk_member_056"",""nk_member_049""]",2026-03-26 09:00:00,2026-03-28,false,false,16.0,[],0
Nk,Sa 09:00,"[""nk_member_012"",""nk_member_032"",""nk_member_035"",""nk_member_020"",""nk_member_064"",""nk_member_024"",""nk_member_078"",""nk_member_055"",""nk_member_030"",""nk_member_077"",""nk_member_053"",""nk_member_056"",""nk_member_049"",""nk_member_044"",""nk_member_054""]",2026-03-27 09:00:00,2026-03-28,false,false,16.0,[],0
Nk,Sa 09:00,"[""nk_member_012"",""nk_member_032"",""nk_member_035"",""nk_member_020"",""nk_member_064"",""nk_member_024"",""nk_member_078"",""nk_member_055"",""nk_member_030"",""nk_member_077"",""nk_member_053"",""nk_member_056"",""nk_member_049"",""nk_member_044"",""nk_member_054"",""nk_member_025""]",2026-03-28 03:00:00,2026-03-28,false,false,16.0,[],0
Nk,Sa 09:00,"[""nk_member_025"",""nk_member_031"",""nk_member_014"",""nk_member_050"",""nk_member_057"",""nk_member_026""]",2026-03-29 21:00:00,2026-04-04,false,true,16.0,"[""nk_member_061""]",1
Nk,Sa 09:00,"[""nk_member_025"",""nk_member_031"",""nk_member_014"",""nk_member_050"",""nk_member_057"",""nk_member_045"",""nk_member_058"",""nk_member_026""]",2026-04-01 09:00:00,2026-04-04,false,true,16.0,"[""nk_member_061""]",1
Nk,Sa 09:00,"[""nk_member_025"",""nk_member_031"",""nk_member_014"",""nk_member_050"",""nk_member_057"",""nk_member_045"",""nk_member_058"",""nk_member_067"",""nk_member_005"",""nk_member_029""]",2026-04-02 09:00:00,2026-04-04,false,true,16.0,[],0
Nk,Sa 09:00,"[""nk_member_025"",""nk_member_031"",""nk_member_014"",""nk_member_050"",""nk_member_057"",""nk_member_045"",""nk_member_058"",""nk_member_067"",""nk_member_005"",""nk_member_029"",""nk_member_062"",""nk_member_032""]",2026-04-03 21:00:00,2026-04-04,false,true,16.0,[],0
Nk,Sa 09:00,"[""nk_member_025"",""nk_member_031"",""nk_member_014"",""nk_member_050"",""nk_member_057"",""nk_member_045"",""nk_member_058"",""nk_member_067"",""nk_member_005"",""nk_member_029"",""nk_member_062"",""nk_member_032"",""nk_member_080"",""nk_member_024""]",2026-04-04 03:00:00,2026-04-04,false,true,16.0,[],0
Nk,Sa 09:00,"[""nk_member_014"",""nk_member_003"",""nk_member_068"",""nk_member_071"",""nk_member_025"",""nk_member_042"",""nk_member_046""]",2026-04-04 09:00:00,2026-04-11,false,false,16.0,"[""nk_member_065""]",1
Nk,Sa 09:00,"[""nk_member_014"",""nk_member_003"",""nk_member_068"",""nk_member_071"",""nk_member_025"",""nk_member_042"",""nk_member_017"",""nk_member_001"",""nk_member_046""]",2026-04-08 09:00:00,2026-04-11,false,false,16.0,"[""nk_member_065""]",1
Nk,Sa 09:00,"[""nk_member_014"",""nk_member_003"",""nk_member_068"",""nk_member_071"",""nk_member_025"",""nk_member_042"",""nk_member_017"",""nk_member_001"",""nk_member_015"",""nk_member_002"",""nk_member_060""]",2026-04-10 09:00:00,2026-04-11,false,false,16.0,[],0
Nk,Sa 09:00,"[""nk_member_014"",""nk_member_003"",""nk_member_068"",""nk_member_071"",""nk_member_025"",""nk_member_042"",""nk_member_017"",""nk_member_001"",""nk_member_015"",""nk_member_002"",""nk_member_060"",""nk_member_053"",""nk_member_067"",""nk_member_029""]",2026-04-10 21:00:00,2026-04-11,false,false,16.0,"[""nk_member_009""]",1
Nk,Sa 09:00,"[""nk_member_014"",""nk_member_003"",""nk_member_068"",""nk_member_071"",""nk_member_025"",""nk_member_042"",""nk_member_017"",""nk_member_001"",""nk_member_015"",""nk_member_002"",""nk_member_060"",""nk_member_053"",""nk_member_067"",""nk_member_029"",""nk_member_070"",""nk_member_050""]",2026-04-11 03:00:00,2026-04-11,false,false,16.0,"[""nk_member_009"",""nk_member_038""]",2
Nk,Sa 09:00,"[""nk_member_062"",""nk_member_061"",""nk_member_069"",""nk_member_053"",""nk_member_045"",""nk_member_003"",""nk_member_028""]",2026-04-11 09:00:00,2026-04-18,false,false,16.0,"[""nk_member_021""]",1
Nk,Sa 09:00,"[""nk_member_062"",""nk_member_061"",""nk_member_069"",""nk_member_053"",""nk_member_045"",""nk_member_003"",""nk_member_074"",""nk_member_028""]",2026-04-12 21:00:00,2026-04-18,false,false,16.0,"[""nk_member_021""]",1
Nk,Sa 09:00,"[""nk_member_062"",""nk_member_061"",""nk_member_069"",""nk_member_053"",""nk_member_045"",""nk_member_003"",""nk_member_074"",""nk_member_014"",""nk_member_058"",""nk_member_028""]",2026-04-15 09:00:00,2026-04-18,false,false,16.0,[],0
Nk,Sa 09:00,"[""nk_member_062"",""nk_member_061"",""nk_member_069"",""nk_member_053"",""nk_member_045"",""nk_member_003"",""nk_member_074"",""nk_member_014"",""nk_member_058"",""nk_member_080"",""nk_member_056""]",2026-04-16 09:00:00,2026-04-18,false,false,16.0,[],0
Nk,Sa 09:00,"[""nk_member_062"",""nk_member_061"",""nk_member_069"",""nk_member_053"",""nk_member_045"",""nk_member_003"",""nk_member_074"",""nk_member_014"",""nk_member_058"",""nk_member_080"",""nk_member_056"",""nk_member_064"",""nk_member_079""]",2026-04-17 09:00:00,2026-04-18,false,false,16.0,"[""nk_member_012""]",1
Nk,Sa 09:00,"[""nk_member_062"",""nk_member_061"",""nk_member_069"",""nk_member_053"",""nk_member_045"",""nk_member_003"",""nk_member_074"",""nk_member_014"",""nk_member_058"",""nk_member_080"",""nk_member_056"",""nk_member_064"",""nk_member_079"",""nk_member_070"",""nk_member_041""]",2026-04-17 21:00:00,2026-04-18,false,false,16.0,"[""nk_member_012""]",1
Nk,Sa 09:00,"[""nk_member_062"",""nk_member_061"",""nk_member_069"",""nk_member_053"",""nk_member_045"",""nk_member_003"",""nk_member_074"",""nk_member_014"",""nk_member_058"",""nk_member_080"",""nk_member_056"",""nk_member_064"",""nk_member_079"",""nk_member_070"",""nk_member_041""]",2026-04-18 03:00:00,2026-04-18,false,false,16.0,"[""nk_member_012"",""nk_member_013""]",2
Nk,Sa 09:00,"[""nk_member_016"",""nk_member_033"",""nk_member_009"",""nk_member_032"",""nk_member_043"",""nk_member_027""]",2026-04-18 09:00:00,2026-04-25,false,false,16.0,"[""nk_member_051""]",1
Nk,Sa 09:00,"[""nk_member_016"",""nk_member_033"",""nk_member_009"",""nk_member_032"",""nk_member_043"",""nk_member_011"",""nk_member_052"",""nk_member_027""]",2026-04-19 21:00:00,2026-04-25,false,false,16.0,"[""nk_member_051""]",1
Nk,Sa 09:00,"[""nk_member_016"",""nk_member_033"",""nk_member_009"",""nk_member_032"",""nk_member_043"",""nk_member_011"",""nk_member_052"",""nk_member_005"",""nk_member_070"",""nk_member_027""]",2026-04-21 09:00:00,2026-04-25,false,false,16.0,[],0
Nk,Sa 09:00,"[""nk_member_016"",""nk_member_033"",""nk_member_009"",""nk_member_032"",""nk_member_043"",""nk_member_011"",""nk_member_052"",""nk_member_005"",""nk_member_070"",""nk_member_012""]",2026-04-22 09:00:00,2026-04-25,false,false,16.0,[],0
Nk,Sa 09:00,"[""nk_member_016"",""nk_member_033"",""nk_member_009"",""nk_member_032"",""nk_member_043"",""nk_member_011"",""nk_member_052"",""nk_member_005"",""nk_member_070"",""nk_member_012"",""nk_member_035"",""nk_member_072""]",2026-04-23 09:00:00,2026-04-25,false,false,16.0,[],0
Nk,Sa 09:00,"[""nk_member_016"",""nk_member_033"",""nk_member_009"",""nk_member_032"",""nk_member_043"",""nk_member_011"",""nk_member_052"",""nk_member_005"",""nk_member_070"",""nk_member_012"",""nk_member_035"",""nk_member_072"",""nk_member_057"",""nk_member_049""]",2026-04-24 09:00:00,2026-04-25,false,false,16.0,[],0
Nk,Sa 09:00,"[""nk_member_016"",""nk_member_033"",""nk_member_009"",""nk_member_032"",""nk_member_043"",""nk_member_011"",""nk_member_052"",""nk_member_005"",""nk_member_070"",""nk_member_012"",""nk_member_035"",""nk_member_072"",""nk_member_057"",""nk_member_049"",""nk_member_069""]",2026-04-25 03:00:00,2026-04-25,false,false,16.0,[],0
Nk,Sa 09:00,"[""nk_member_051"",""nk_member_018"",""nk_member_014"",""nk_member_035"",""nk_member_057"",""nk_member_079""]",2026-04-25 09:00:00,2026-05-02,false,true,16.0,"[""nk_member_071""]",1
Nk,Sa 09:00,"[""nk_member_051"",""nk_member_018"",""nk_member_014"",""nk_member_035"",""nk_member_057"",""nk_member_022"",""nk_member_075"",""nk_member_079""]",2026-04-26 21:00:00,2026-05-02,false,true,16.0,"[""nk_member_071""]",1
Nk,Sa 09:00,"[""nk_member_051"",""nk_member_018"",""nk_member_014"",""nk_member_035"",""nk_member_057"",""nk_member_022"",""nk_member_075"",""nk_member_005"",""nk_member_079""]",2026-04-28 09:00:00,2026-05-02,false,true,16.0,[],0
Nk,Sa 09:00,"[""nk_member_051"",""nk_member_018"",""nk_member_014"",""nk_member_035"",""nk_member_057"",""nk_member_022"",""nk_member_075"",""nk_member_005"",""nk_member_073"",""nk_member_024""]",2026-04-29 09:00:00,2026-05-02,false,true,16.0,[],0
Nk,Sa 09:00,"[""nk_member_051"",""nk_member_018"",""nk_member_014"",""nk_member_035"",""nk_member_057"",""nk_member_022"",""nk_member_075"",""nk_member_005"",""nk_member_073"",""nk_member_024"",""nk_member_080""]",2026-04-30 09:00:00,2026-05-02,false,true,16.0,"[""nk_member_066""]",1
Nk,Sa 09:00,"[""nk_member_051"",""nk_member_018"",""nk_member_014"",""nk_member_035"",""nk_member_057"",""nk_member_022"",""nk_member_075"",""nk_member_005"",""nk_member_073"",""nk_member_024"",""nk_member_080"",""nk_member_072"",""nk_member_067""]",2026-05-01 21:00:00,2026-05-02,false,true,16.0,"[""nk_member_066""]",1
Nk,Sa 09:00,"[""nk_member_051"",""nk_member_018"",""nk_member_014"",""nk_member_035"",""nk_member_057"",""nk_member_022"",""nk_member_075"",""nk_member_005"",""nk_member_073"",""nk_member_024"",""nk_member_080"",""nk_member_072"",""nk_member_067"",""nk_member_011""]",2026-05-02 03:00:00,2026-05-02,false,true,16.0,"[""nk_member_066""]",1
Nk,Sa 09:00,"[""nk_member_015"",""nk_member_063"",""nk_member_026"",""nk_member_073"",""nk_member_027"",""nk_member_014"",""nk_member_009""]",2026-05-02 09:00:00,2026-05-09,false,false,16.0,"[""nk_member_037""]",1
Nk,Sa 09:00,"[""nk_member_015"",""nk_member_063"",""nk_member_026"",""nk_member_073"",""nk_member_027"",""nk_member_014"",""nk_member_065"",""nk_member_009""]",2026-05-03 21:00:00,2026-05-09,false,false,16.0,"[""nk_member_037""]",1
Nk,Sa 09:00,"[""nk_member_015"",""nk_member_063"",""nk_member_026"",""nk_member_073"",""nk_member_027"",""nk_member_014"",""nk_member_065"",""nk_member_035"",""nk_member_024"",""nk_member_009""]",2026-05-05 09:00:00,2026-05-09,false,false,16.0,[],0
Nk,Sa 09:00,"[""nk_member_015"",""nk_member_063"",""nk_member_026"",""nk_member_073"",""nk_member_027"",""nk_member_014"",""nk_member_065"",""nk_member_035"",""nk_member_024"",""nk_member_003"",""nk_member_053""]",2026-05-06 09:00:00,2026-05-09,false,false,16.0,[],0
Nk,Sa 09:00,"[""nk_member_015"",""nk_member_063"",""nk_member_026"",""nk_member_073"",""nk_member_027"",""nk_member_014"",""nk_member_065"",""nk_member_035"",""nk_member_024"",""nk_member_003"",""nk_member_053"",""nk_member_059"",""nk_member_032""]",2026-05-07 09:00:00,2026-05-09,false,false,16.0,[],0
Nk,Sa 09:00,"[""nk_member_015"",""nk_member_063"",""nk_member_026"",""nk_member_073"",""nk_member_027"",""nk_member_014"",""nk_member_065"",""nk_member_035"",""nk_member_024"",""nk_member_003"",""nk_member_053"",""nk_member_059"",""nk_member_032"",""nk_member_004"",""nk_member_056""]",2026-05-08 09:00:00,2026-05-09,false,false,16.0,"[""nk_member_052""]",1
Nk,Sa 09:00,"[""nk_member_015"",""nk_member_063"",""nk_member_026"",""nk_member_073"",""nk_member_027"",""nk_member_014"",""nk_member_065"",""nk_member_035"",""nk_member_024"",""nk_member_003"",""nk_member_053"",""nk_member_059"",""nk_member_032"",""nk_member_004"",""nk_member_056"",""nk_member_044""]",2026-05-08 21:00:00,2026-05-09,false,false,16.0,"[""nk_member_052""]",1
Nk,Sa 09:00,"[""nk_member_001"",""nk_member_056"",""nk_member_030"",""nk_member_051"",""nk_member_040"",""nk_member_076""]",2026-05-09 09:00:00,2026-05-16,false,false,16.0,"[""nk_member_060""]",1
Nk,Sa 09:00,"[""nk_member_001"",""nk_member_056"",""nk_member_030"",""nk_member_051"",""nk_member_040"",""nk_member_029"",""nk_member_072"",""nk_member_037"",""nk_member_076""]",2026-05-10 21:00:00,2026-05-16,false,false,16.0,"[""nk_member_060""]",1
Nk,Sa 09:00,"[""nk_member_001"",""nk_member_056"",""nk_member_030"",""nk_member_051"",""nk_member_040"",""nk_member_029"",""nk_member_072"",""nk_member_037"",""nk_member_053"",""nk_member_049""]",2026-05-13 09:00:00,2026-05-16,false,false,16.0,[],0
Nk,Sa 09:00,"[""nk_member_001"",""nk_member_056"",""nk_member_030"",""nk_member_051"",""nk_member_040"",""nk_member_029"",""nk_member_072"",""nk_member_037"",""nk_member_053"",""nk_member_049"",""nk_member_035"",""nk_member_070"",""nk_member_004""]",2026-05-14 09:00:00,2026-05-16,false,false,16.0,"[""nk_member_050""]",1
Nk,Sa 09:00,"[""nk_member_001"",""nk_member_056"",""nk_member_030"",""nk_member_051"",""nk_member_040"",""nk_member_029"",""nk_member_072"",""nk_member_037"",""nk_member_053"",""nk_member_049"",""nk_member_035"",""nk_member_070"",""nk_member_004"",""nk_member_043"",""nk_member_058""]",2026-05-15 21:00:00,2026-05-16,false,false,16.0,"[""nk_member_050""]",1
Nk,Sa 09:00,"[""nk_member_002"",""nk_member_019"",""nk_member_021"",""nk_member_070"",""nk_member_077"",""nk_member_071""]",2026-05-16 09:00:00,2026-05-23,false,false,16.0,"[""nk_member_063""]",1
Nk,Sa 09:00,"[""nk_member_002"",""nk_member_019"",""nk_member_021"",""nk_member_070"",""nk_member_077"",""nk_member_073"",""nk_member_049"",""nk_member_071""]",2026-05-20 09:00:00,2026-05-23,false,false,16.0,"[""nk_member_063""]",1
Nk,Sa 09:00,"[""nk_member_002"",""nk_member_019"",""nk_member_021"",""nk_member_070"",""nk_member_077"",""nk_member_073"",""nk_member_049"",""nk_member_056"",""nk_member_053"",""nk_member_059""]",2026-05-21 09:00:00,2026-05-23,false,false,16.0,[],0
Nk,Sa 09:00,"[""nk_member_002"",""nk_member_019"",""nk_member_021"",""nk_member_070"",""nk_member_077"",""nk_member_073"",""nk_member_049"",""nk_member_056"",""nk_member_053"",""nk_member_059"",""nk_member_031"",""nk_member_067""]",2026-05-22 09:00:00,2026-05-23,false,false,16.0,[],0
Nk,Sa 09:00,"[""nk_member_002"",""nk_member_019"",""nk_member_021"",""nk_member_070"",""nk_member_077"",""nk_member_073"",""nk_member_049"",""nk_member_056"",""nk_member_053"",""nk_member_059"",""nk_member_031"",""nk_member_067"",""nk_member_033"",""nk_member_069""]",2026-05-22 21:00:00,2026-05-23,false,false,16.0,[],0
Nk,Sa 09:00,"[""nk_member_029"",""nk_member_072"",""nk_member_025"",""nk_member_011"",""nk_member_036"",""nk_member_066"",""nk_member_049""]",2026-05-23 09:00:00,2026-05-30,false,false,16.0,"[""nk_member_044""]",1
Nk,Sa 09:00,"[""nk_member_029"",""nk_member_072"",""nk_member_025"",""nk_member_011"",""nk_member_036"",""nk_member_066"",""nk_member_056"",""nk_member_049""]",2026-05-24 21:00:00,2026-05-30,false,false,16.0,"[""nk_member_044""]",1
Nk,Sa 09:00,"[""nk_member_029"",""nk_member_072"",""nk_member_025"",""nk_member_011"",""nk_member_036"",""nk_member_066"",""nk_member_056"",""nk_member_041"",""nk_member_033"",""nk_member_049""]",2026-05-26 09:00:00,2026-05-30,false,false,16.0,[],0
Nk,Sa 09:00,"[""nk_member_029"",""nk_member_072"",""nk_member_025"",""nk_member_011"",""nk_member_036"",""nk_member_066"",""nk_member_056"",""nk_member_041"",""nk_member_033"",""nk_member_064"",""nk_member_016""]",2026-05-27 09:00:00,2026-05-30,false,false,16.0,[],0
Nk,Sa 09:00,"[""nk_member_029"",""nk_member_072"",""nk_member_025"",""nk_member_011"",""nk_member_036"",""nk_member_066"",""nk_member_056"",""nk_member_041"",""nk_member_033"",""nk_member_064"",""nk_member_016"",""nk_member_039"",""nk_member_018""]",2026-05-28 09:00:00,2026-05-30,false,false,16.0,[],0
Nk,Sa 09:00,"[""nk_member_029"",""nk_member_072"",""nk_member_025"",""nk_member_011"",""nk_member_036"",""nk_member_066"",""nk_member_056"",""nk_member_041"",""nk_member_033"",""nk_member_064"",""nk_member_016"",""nk_member_039"",""nk_member_018"",""nk_member_037"",""nk_member_027""]",2026-05-29 21:00:00,2026-05-30,false,false,16.0,[],0
Nk,Sa 09:00,"[""nk_member_029"",""nk_member_072"",""nk_member_025"",""nk_member_011"",""nk_member_036"",""nk_member_066"",""nk_member_056"",""nk_member_041"",""nk_member_033"",""nk_member_064"",""nk_member_016"",""nk_member_039"",""nk_member_018"",""nk_member_037"",""nk_member_027"",""nk_member_074""]",2026-05-30 03:00:00,2026-05-30,false,false,16.0,[],0
Nk,Sa 09:00,"[""nk_member_016"",""nk_member_042"",""nk_member_031"",""nk_member_052"",""nk_member_077"",""nk_member_030"",""nk_member_008""]",2026-05-31 21:00:00,2026-06-06,false,false,16.0,"[""nk_member_035""]",1
Nk,Sa 09:00,"[""nk_member_016"",""nk_member_042"",""nk_member_031"",""nk_member_052"",""nk_member_077"",""nk_member_030"",""nk_member_066"",""nk_member_064"",""nk_member_008""]",2026-06-04 09:00:00,2026-06-06,false,false,16.0,"[""nk_member_035""]",1
Nk,Sa 09:00,"[""nk_member_016"",""nk_member_042"",""nk_member_031"",""nk_member_052"",""nk_member_077"",""nk_member_030"",""nk_member_066"",""nk_member_064"",""nk_member_074"",""nk_member_053"",""nk_member_008""]",2026-06-05 09:00:00,2026-06-06,false,false,16.0,[],0
Nk,Sa 09:00,"[""nk_member_016"",""nk_member_042"",""nk_member_031"",""nk_member_052"",""nk_member_077"",""nk_member_030"",""nk_member_066"",""nk_member_064"",""nk_member_074"",""nk_member_053"",""nk_member_070"",""nk_member_069""]",2026-06-05 21:00:00,2026-06-06,false,false,16.0,"[""nk_member_009""]",1
Nk,Sa 09:00,"[""nk_member_016"",""nk_member_042"",""nk_member_031"",""nk_member_052"",""nk_member_077"",""nk_member_030"",""nk_member_066"",""nk_member_064"",""nk_member_074"",""nk_member_053"",""nk_member_070"",""nk_member_069"",""nk_member_002"",""nk_member_024"",""nk_member_004""]",2026-06-06 03:00:00,2026-06-06,false,false,16.0,"[""nk_member_009"",""nk_member_040""]",2
Nk,Sa 09:00,"[""nk_member_016"",""nk_member_042"",""nk_member_031"",""nk_member_052"",""nk_member_077"",""nk_member_030"",""nk_member_066"",""nk_member_064"",""nk_member_074"",""nk_member_053"",""nk_member_070"",""nk_member_069"",""nk_member_002"",""nk_member_024"",""nk_member_004"",""nk_member_036""]",2026-06-06 11:00:00,2026-06-06,false,false,16.0,"[""nk_member_009"",""nk_member_040"",""nk_member_080""]",3
Cb,Di 11:00,"[""cb_member_043"",""cb_member_067"",""cb_member_004"",""cb_member_061"",""cb_member_015"",""cb_member_023"",""cb_member_025"",""cb_member_012"",""cb_member_021"",""cb_member_035"",""cb_member_008""]",2026-01-12 23:00:00,2026-01-13,false,false,12.0,"[""cb_member_032""]",1
